[
  {
    "value": "Dr. Suess",
    "synonyms": [
      "Dr. Suess"
    ]
  },
  {
    "value": "Julia Mckenna",
    "synonyms": [
      "Julia Mckenna"
    ]
  },
  {
    "value": "John Greene",
    "synonyms": [
      "John Greene"
    ]
  },
  {
    "value": "Jane Austen",
    "synonyms": [
      "Jane Austen"
    ]
  },
  {
    "value": "Mark Twain",
    "synonyms": [
      "Mark Twain"
    ]
  },
  {
    "value": "John Snow",
    "synonyms": [
      "John Snow"
    ]
  },
  {
    "value": "John Doe",
    "synonyms": [
      "John Doe"
    ]
  },
  {
    "value": "Nicholas Sparks",
    "synonyms": [
      "Nicholas Sparks"
    ]
  },
  {
    "value": "Tom Sawyer",
    "synonyms": [
      "Tom Sawyer"
    ]
  },
  {
    "value": "Jane Smith",
    "synonyms": [
      "Jane Smith"
    ]
  }
]