[
  {
    "value": "Twilight",
    "synonyms": [
      "Twilight"
    ]
  },
  {
    "value": "The Fault in Our Stars",
    "synonyms": [
      "The Fault in Our Stars"
    ]
  },
  {
    "value": "Pride and Prejudice",
    "synonyms": [
      "Pride and Prejudice"
    ]
  },
  {
    "value": "The Fault in our Stars",
    "synonyms": [
      "The Fault in our Stars"
    ]
  },
  {
    "value": "Gone with the Wind",
    "synonyms": [
      "Gone with the Wind"
    ]
  },
  {
    "value": "The Defining Decade",
    "synonyms": [
      "The Defining Decade"
    ]
  },
  {
    "value": "The Blind Side",
    "synonyms": [
      "The Blind Side"
    ]
  },
  {
    "value": "Cooking 101",
    "synonyms": [
      "Cooking 101"
    ]
  }
]