[
  {
    "value": "MadFit",
    "synonyms": [
      "MadFit",
      "Madfit"
    ]
  },
  {
    "value": "Chloe Ting",
    "synonyms": [
      "Chloe Ting"
    ]
  },
  {
    "value": "POPSUGAR Fitness",
    "synonyms": [
      "Popsugar",
      "Popsugar Fitness",
      "POPSUGAR Fitness"
    ]
  },
  {
    "value": "Blogilates",
    "synonyms": [
      "Blogilates"
    ]
  },
  {
    "value": "Pamela Reif",
    "synonyms": [
      "Pamela Reif"
    ]
  },
  {
    "value": "ATHLEAN-X",
    "synonyms": [
      "ATHLEAN-X",
      "Athlean"
    ]
  }
]