[
  {
    "id": "67d4ae67-9baa-471c-b58e-f5518a774221",
    "data": [
      {
        "text": "what ",
        "userDefined": false
      },
      {
        "text": "books",
        "meta": "@sys.ignore",
        "userDefined": false
      },
      {
        "text": " do i like",
        "userDefined": false
      }
    ],
    "isTemplate": false,
    "count": 0,
    "lang": "en",
    "updated": 0
  },
  {
    "id": "b8560eb9-a449-4f2e-a499-82bc5719fcf6",
    "data": [
      {
        "text": "my",
        "meta": "@sys.ignore",
        "userDefined": false
      },
      {
        "text": " liked ",
        "userDefined": false
      },
      {
        "text": "books",
        "meta": "@sys.ignore",
        "userDefined": false
      }
    ],
    "isTemplate": false,
    "count": 0,
    "lang": "en",
    "updated": 0
  },
  {
    "id": "29362329-a0e7-44cb-b25d-b4415fd95290",
    "data": [
      {
        "text": "show me ",
        "userDefined": false
      },
      {
        "text": "my",
        "meta": "@sys.ignore",
        "userDefined": false
      },
      {
        "text": " liked ",
        "userDefined": false
      },
      {
        "text": "books",
        "meta": "@sys.ignore",
        "userDefined": false
      }
    ],
    "isTemplate": false,
    "count": 0,
    "lang": "en",
    "updated": 0
  },
  {
    "id": "a777017f-61bd-4bbb-a2a0-f0228b34955a",
    "data": [
      {
        "text": "what are ",
        "userDefined": false
      },
      {
        "text": "my",
        "meta": "@sys.ignore",
        "userDefined": false
      },
      {
        "text": " liked ",
        "userDefined": false
      },
      {
        "text": "books",
        "meta": "@sys.ignore",
        "userDefined": false
      }
    ],
    "isTemplate": false,
    "count": 2,
    "lang": "en",
    "updated": 0
  }
]