[
  {
    "id": "2a514fbf-d3d6-47f4-abc9-ffa40b92f690",
    "data": [
      {
        "text": "Go back to previous ",
        "userDefined": false
      },
      {
        "text": "page",
        "meta": "@sys.ignore",
        "userDefined": false
      }
    ],
    "isTemplate": false,
    "count": 0,
    "lang": "en",
    "updated": 0
  },
  {
    "id": "d4372cfc-bad9-4ff2-a521-4e9bbd3fb872",
    "data": [
      {
        "text": "Back to previous ",
        "userDefined": false
      },
      {
        "text": "page",
        "meta": "@sys.ignore",
        "userDefined": false
      }
    ],
    "isTemplate": false,
    "count": 0,
    "lang": "en",
    "updated": 0
  },
  {
    "id": "130bcd69-a0aa-4d96-93d8-94afbc93c478",
    "data": [
      {
        "text": "Show previous ",
        "userDefined": false
      },
      {
        "text": "page",
        "meta": "@sys.ignore",
        "userDefined": false
      }
    ],
    "isTemplate": false,
    "count": 0,
    "lang": "en",
    "updated": 0
  },
  {
    "id": "71d5ed5c-d37d-438c-831a-ebb822295549",
    "data": [
      {
        "text": "Previous ",
        "userDefined": false
      },
      {
        "text": "page",
        "meta": "@sys.ignore",
        "userDefined": false
      }
    ],
    "isTemplate": false,
    "count": 0,
    "lang": "en",
    "updated": 0
  },
  {
    "id": "44d4e8aa-f245-4ce8-8350-80bcb8756ec6",
    "data": [
      {
        "text": "Show me previous ",
        "userDefined": false
      },
      {
        "text": "page",
        "meta": "@sys.ignore",
        "userDefined": false
      }
    ],
    "isTemplate": false,
    "count": 0,
    "lang": "en",
    "updated": 0
  }
]