[
  {
    "id": "ed2f9015-f064-44ff-8f7e-f161efd50439",
    "data": [
      {
        "text": "What books do my friends like",
        "userDefined": false
      }
    ],
    "isTemplate": false,
    "count": 0,
    "lang": "en",
    "updated": 0
  },
  {
    "id": "1a74ba15-9518-47fd-9bfa-bb51e821bb6a",
    "data": [
      {
        "text": "Show me my friends books",
        "userDefined": false
      }
    ],
    "isTemplate": false,
    "count": 0,
    "lang": "en",
    "updated": 0
  },
  {
    "id": "6cf7bd74-6309-413b-a359-28007bdec076",
    "data": [
      {
        "text": "what ",
        "userDefined": false
      },
      {
        "text": "books",
        "meta": "@sys.ignore",
        "userDefined": false
      },
      {
        "text": " do ",
        "userDefined": false
      },
      {
        "text": "my friends",
        "meta": "@sys.ignore",
        "userDefined": false
      },
      {
        "text": " like?",
        "userDefined": false
      }
    ],
    "isTemplate": false,
    "count": 0,
    "lang": "en",
    "updated": 0
  },
  {
    "id": "367d4246-7cee-4366-9997-27442f8deccc",
    "data": [
      {
        "text": "show me what ",
        "userDefined": false
      },
      {
        "text": "my friends",
        "meta": "@sys.ignore",
        "userDefined": false
      },
      {
        "text": " are reading",
        "userDefined": false
      }
    ],
    "isTemplate": false,
    "count": 0,
    "lang": "en",
    "updated": 0
  },
  {
    "id": "9ed24ea3-ea6f-44e0-826c-806f3aa94fd2",
    "data": [
      {
        "text": "what ",
        "userDefined": false
      },
      {
        "text": "books",
        "meta": "@sys.ignore",
        "userDefined": false
      },
      {
        "text": " are ",
        "userDefined": false
      },
      {
        "text": "my friends",
        "meta": "@sys.ignore",
        "userDefined": false
      },
      {
        "text": " reading?",
        "userDefined": false
      }
    ],
    "isTemplate": false,
    "count": 0,
    "lang": "en",
    "updated": 0
  },
  {
    "id": "175f40e7-627d-47d8-8e9a-fb11a6f852f8",
    "data": [
      {
        "text": "what are ",
        "userDefined": false
      },
      {
        "text": "my friends",
        "meta": "@sys.ignore",
        "userDefined": false
      },
      {
        "text": " reading?",
        "userDefined": false
      }
    ],
    "isTemplate": false,
    "count": 0,
    "lang": "en",
    "updated": 0
  }
]