[
  {
    "data": [
      {
        "text": "now ",
        "userDefined": false
      },
      {
        "text": "september twenty",
        "meta": "@sys.date-time",
        "alias": "date-time",
        "userDefined": true
      }
    ],
    "isTemplate": false,
    "count": 0,
    "lang": "en",
    "updated": 0
  },
  {
    "data": [
      {
        "text": "now ",
        "userDefined": false
      },
      {
        "text": "9-11-2000",
        "meta": "@sys.date-time",
        "alias": "date-time",
        "userDefined": true
      }
    ],
    "isTemplate": false,
    "count": 0,
    "lang": "en",
    "updated": 0
  },
  {
    "data": [
      {
        "text": "and ",
        "userDefined": false
      },
      {
        "text": "july 14",
        "meta": "@sys.date-time",
        "alias": "date-time",
        "userDefined": false
      },
      {
        "text": "?",
        "userDefined": false
      }
    ],
    "isTemplate": false,
    "count": 0,
    "lang": "en",
    "updated": 0
  },
  {
    "data": [
      {
        "text": "what was ",
        "userDefined": false
      },
      {
        "text": "september 4th",
        "meta": "@sys.date-time",
        "alias": "date-time",
        "userDefined": false
      }
    ],
    "isTemplate": false,
    "count": 0,
    "lang": "en",
    "updated": 0
  },
  {
    "data": [
      {
        "text": "what about ",
        "userDefined": false
      },
      {
        "text": "august 2 1999",
        "meta": "@sys.date-time",
        "alias": "date-time",
        "userDefined": true
      }
    ],
    "isTemplate": false,
    "count": 0,
    "lang": "en",
    "updated": 0
  }
]