[
  {
    "id": "a74d78b4-2246-4b22-a3be-09032c2bd87e",
    "data": [
      {
        "text": "I like your sense of humor",
        "userDefined": false
      }
    ],
    "isTemplate": false,
    "count": 1,
    "lang": "en",
    "updated": 0
  },
  {
    "id": "4d209edb-d253-4125-9085-ee38ba8b1a33",
    "data": [
      {
        "text": "I love your jokes",
        "userDefined": false
      }
    ],
    "isTemplate": false,
    "count": 1,
    "lang": "en",
    "updated": 0
  },
  {
    "id": "4ea53aaa-5007-46e5-a749-2bc9bc2184d3",
    "data": [
      {
        "text": "nice one",
        "userDefined": false
      }
    ],
    "isTemplate": false,
    "count": 0,
    "lang": "en",
    "updated": 0
  },
  {
    "id": "634a7351-b5a3-420d-9bba-75768b5395fa",
    "data": [
      {
        "text": "funny",
        "userDefined": false
      }
    ],
    "isTemplate": false,
    "count": 0,
    "lang": "en",
    "updated": 0
  },
  {
    "id": "602b4217-a541-4428-8bff-395bf00b4348",
    "data": [
      {
        "text": "I loved that joke",
        "userDefined": false
      }
    ],
    "isTemplate": false,
    "count": 1,
    "lang": "en",
    "updated": 0
  },
  {
    "id": "3f072891-1635-475f-aa4f-59d58df324a8",
    "data": [
      {
        "text": "i do like your jokes",
        "userDefined": false
      }
    ],
    "isTemplate": false,
    "count": 0,
    "lang": "en",
    "updated": 0
  },
  {
    "id": "93557d81-e890-479f-9831-4d10d2f9b389",
    "data": [
      {
        "text": "it\u0027s the funniest joke ever",
        "userDefined": false
      }
    ],
    "isTemplate": false,
    "count": 0,
    "lang": "en",
    "updated": 0
  },
  {
    "id": "6322d1cf-8743-4f2a-bb46-318f530cea94",
    "data": [
      {
        "text": "i like this ",
        "userDefined": false
      },
      {
        "text": "one",
        "meta": "@sys.ignore",
        "userDefined": false
      }
    ],
    "isTemplate": false,
    "count": 0,
    "lang": "en",
    "updated": 0
  },
  {
    "id": "412af659-0887-480d-af7c-95ae261f0566",
    "data": [
      {
        "text": "hilarious",
        "userDefined": false
      }
    ],
    "isTemplate": false,
    "count": 0,
    "lang": "en",
    "updated": 0
  },
  {
    "id": "6f696fff-a151-4286-8786-729a3e2b28b4",
    "data": [
      {
        "text": "lol",
        "userDefined": false
      }
    ],
    "isTemplate": false,
    "count": 0,
    "lang": "en",
    "updated": 0
  },
  {
    "id": "f7de7f1d-93ab-47ba-9bdd-8d92c8b0d37f",
    "data": [
      {
        "text": "good joke",
        "userDefined": false
      }
    ],
    "isTemplate": false,
    "count": 0,
    "lang": "en",
    "updated": 0
  },
  {
    "id": "edcdc23d-f8ac-4ee1-865c-73fce84010d9",
    "data": [
      {
        "text": "you are so witty",
        "userDefined": false
      }
    ],
    "isTemplate": false,
    "count": 0,
    "lang": "en",
    "updated": 0
  },
  {
    "id": "c2dc198e-0dd8-4aa3-b7f1-6facb5440088",
    "data": [
      {
        "text": "ahahah lol",
        "userDefined": false
      }
    ],
    "isTemplate": false,
    "count": 0,
    "lang": "en",
    "updated": 0
  },
  {
    "id": "d6137bb2-39d1-4c62-8dc9-8d0d29a55ff8",
    "data": [
      {
        "text": "your jokes are always funny",
        "userDefined": false
      }
    ],
    "isTemplate": false,
    "count": 0,
    "lang": "en",
    "updated": 0
  },
  {
    "id": "66e7aed1-0cc2-42dd-8664-6c1d678f5178",
    "data": [
      {
        "text": "rofl",
        "userDefined": false
      }
    ],
    "isTemplate": false,
    "count": 0,
    "lang": "en",
    "updated": 0
  },
  {
    "id": "ea022f6d-b26a-4cb7-b9f3-2ce9d734794a",
    "data": [
      {
        "text": "you are so funny",
        "userDefined": false
      }
    ],
    "isTemplate": false,
    "count": 0,
    "lang": "en",
    "updated": 0
  },
  {
    "id": "45a7452d-deec-4c34-ab97-ce7697778a15",
    "data": [
      {
        "text": "so funny",
        "userDefined": false
      }
    ],
    "isTemplate": false,
    "count": 0,
    "lang": "en",
    "updated": 0
  },
  {
    "id": "98d3a2c6-2318-4eed-8594-472ddc0ab68a",
    "data": [
      {
        "text": "hahaha",
        "userDefined": false
      }
    ],
    "isTemplate": false,
    "count": 0,
    "lang": "en",
    "updated": 0
  },
  {
    "id": "7dc9ef60-f79a-487f-96f6-8ba78513dfc3",
    "data": [
      {
        "text": "ahha",
        "userDefined": false
      }
    ],
    "isTemplate": false,
    "count": 0,
    "lang": "en",
    "updated": 0
  },
  {
    "id": "314b0d50-ad3a-4b34-9ccd-7d08549ea7db",
    "data": [
      {
        "text": "cool",
        "userDefined": false
      }
    ],
    "isTemplate": false,
    "count": 0,
    "lang": "en",
    "updated": 0
  },
  {
    "id": "531180be-d4bc-4f04-b2f7-6065ce98d0bb",
    "data": [
      {
        "text": "nice joke",
        "userDefined": false
      }
    ],
    "isTemplate": false,
    "count": 1,
    "lang": "en",
    "updated": 0
  },
  {
    "id": "5775607b-0f88-442b-b57a-7be47916ae42",
    "data": [
      {
        "text": "you\u0027re funny",
        "userDefined": false
      }
    ],
    "isTemplate": false,
    "count": 0,
    "lang": "en",
    "updated": 0
  },
  {
    "id": "32421e4b-e8bd-4ecc-a27d-3cbf32d88d92",
    "data": [
      {
        "text": "your jokes are good",
        "userDefined": false
      }
    ],
    "isTemplate": false,
    "count": 0,
    "lang": "en",
    "updated": 0
  },
  {
    "id": "8261f1e7-eeba-4dd5-acbb-e16cf6d33d6f",
    "data": [
      {
        "text": "nice",
        "meta": "@sys.ignore",
        "userDefined": false
      },
      {
        "text": " joke I like it",
        "userDefined": false
      }
    ],
    "isTemplate": false,
    "count": 0,
    "lang": "en",
    "updated": 0
  },
  {
    "id": "1d53096f-e424-4aad-8da1-f6df58610da0",
    "data": [
      {
        "text": "you have such a good sense of humor",
        "userDefined": false
      }
    ],
    "isTemplate": false,
    "count": 1,
    "lang": "en",
    "updated": 0
  },
  {
    "id": "89722b51-0aab-4be0-9753-c2a43d7b033a",
    "data": [
      {
        "text": "haha you have a good sense of humor",
        "userDefined": false
      }
    ],
    "isTemplate": false,
    "count": 1,
    "lang": "en",
    "updated": 0
  },
  {
    "id": "3f7b4dfa-b672-4839-9301-35ea943d81b3",
    "data": [
      {
        "text": "I do appreciate your sense of humor",
        "userDefined": false
      }
    ],
    "isTemplate": false,
    "count": 0,
    "lang": "en",
    "updated": 0
  },
  {
    "id": "2d793e4b-edcd-408c-b6c2-26cda4087970",
    "data": [
      {
        "text": "great joke",
        "userDefined": false
      }
    ],
    "isTemplate": false,
    "count": 0,
    "lang": "en",
    "updated": 0
  }
]