[
  {
    "id": "36171c9b-6515-4694-ad0a-9e23a13e8628",
    "data": [
      {
        "text": "please improve your sense of humor",
        "userDefined": false
      }
    ],
    "isTemplate": false,
    "count": 0,
    "lang": "en",
    "updated": 0
  },
  {
    "id": "66ed33e0-53e6-40cc-aad0-6dfbd4c79b49",
    "data": [
      {
        "text": "your jokes are awful",
        "userDefined": false
      }
    ],
    "isTemplate": false,
    "count": 0,
    "lang": "en",
    "updated": 0
  },
  {
    "id": "4f166758-3b59-4d09-9ea5-ef1651af8456",
    "data": [
      {
        "text": "you\u0027ve lost your sense of humor",
        "userDefined": false
      }
    ],
    "isTemplate": false,
    "count": 0,
    "lang": "en",
    "updated": 0
  },
  {
    "id": "7d8f4f66-b1ce-49cc-b6e5-ea890ea33505",
    "data": [
      {
        "text": "your jokes don\u0027t make me laugh",
        "userDefined": false
      }
    ],
    "isTemplate": false,
    "count": 0,
    "lang": "en",
    "updated": 0
  },
  {
    "id": "dd7ca136-3813-47da-aaa6-ef5c4aa91295",
    "data": [
      {
        "text": "your jokes are not funny",
        "userDefined": false
      }
    ],
    "isTemplate": false,
    "count": 0,
    "lang": "en",
    "updated": 0
  },
  {
    "id": "e9adfb3b-224e-4db2-a8de-4791d016f47b",
    "data": [
      {
        "text": "i didn\u0027t like this joke",
        "userDefined": false
      }
    ],
    "isTemplate": false,
    "count": 0,
    "lang": "en",
    "updated": 0
  },
  {
    "id": "8b45b554-1680-46b7-ad96-d8c839c6f8ab",
    "data": [
      {
        "text": "I didn\u0027t like that joke",
        "userDefined": false
      }
    ],
    "isTemplate": false,
    "count": 0,
    "lang": "en",
    "updated": 0
  },
  {
    "id": "17cc6ff9-f9bf-4d51-8377-013610ba2358",
    "data": [
      {
        "text": "that is not funny",
        "userDefined": false
      }
    ],
    "isTemplate": false,
    "count": 0,
    "lang": "en",
    "updated": 0
  },
  {
    "id": "2bc71f28-e63a-4af5-8415-98babe7cd8c9",
    "data": [
      {
        "text": "stop it",
        "userDefined": false
      }
    ],
    "isTemplate": false,
    "count": 0,
    "lang": "en",
    "updated": 0
  },
  {
    "id": "f4aab387-a5b8-4e76-a7f8-56ecb72b0924",
    "data": [
      {
        "text": "stop",
        "userDefined": false
      }
    ],
    "isTemplate": false,
    "count": 0,
    "lang": "en",
    "updated": 0
  },
  {
    "id": "ede88209-63dc-4913-b3ac-c2a20266e82f",
    "data": [
      {
        "text": "no",
        "userDefined": false
      }
    ],
    "isTemplate": false,
    "count": 0,
    "lang": "en",
    "updated": 0
  },
  {
    "id": "886f19d0-92aa-4983-ba11-37c24c37cd70",
    "data": [
      {
        "text": "it\u0027s a bad joke",
        "userDefined": false
      }
    ],
    "isTemplate": false,
    "count": 0,
    "lang": "en",
    "updated": 0
  },
  {
    "id": "d051c8e1-5063-47be-967f-d0d9d708ec6f",
    "data": [
      {
        "text": "this is not funny",
        "userDefined": false
      }
    ],
    "isTemplate": false,
    "count": 0,
    "lang": "en",
    "updated": 0
  },
  {
    "id": "4ebfd8ec-ba95-402f-ac86-5c1c50e6d90f",
    "data": [
      {
        "text": "not funny",
        "userDefined": false
      }
    ],
    "isTemplate": false,
    "count": 0,
    "lang": "en",
    "updated": 0
  },
  {
    "id": "440674db-2461-40a1-bd8e-73762aa02e07",
    "data": [
      {
        "text": "not funny at all",
        "userDefined": false
      }
    ],
    "isTemplate": false,
    "count": 0,
    "lang": "en",
    "updated": 0
  },
  {
    "id": "9042f7a5-4a39-4d71-a63e-4e23171e6bcd",
    "data": [
      {
        "text": "it was a stupid joke",
        "userDefined": false
      }
    ],
    "isTemplate": false,
    "count": 0,
    "lang": "en",
    "updated": 0
  },
  {
    "id": "5495fb9f-df9c-49c1-9f60-fb65d3650c51",
    "data": [
      {
        "text": "I wish you had a sense of humor",
        "userDefined": false
      }
    ],
    "isTemplate": false,
    "count": 0,
    "lang": "en",
    "updated": 0
  },
  {
    "id": "b4b1ebfd-7041-4cbd-99d4-3ef5bd50fd6e",
    "data": [
      {
        "text": "you have no sense of humor",
        "userDefined": false
      }
    ],
    "isTemplate": false,
    "count": 0,
    "lang": "en",
    "updated": 0
  },
  {
    "id": "fba202f6-20a1-47ce-847b-5a8599ccc9cb",
    "data": [
      {
        "text": "I hate your jokes",
        "userDefined": false
      }
    ],
    "isTemplate": false,
    "count": 0,
    "lang": "en",
    "updated": 0
  },
  {
    "id": "64c675e7-f29f-4a37-9eed-2504b7164032",
    "data": [
      {
        "text": "stop your stupid jokes",
        "userDefined": false
      }
    ],
    "isTemplate": false,
    "count": 0,
    "lang": "en",
    "updated": 0
  }
]