[
  {
    "id": "1777b5e9-3593-4195-9210-29be18ef61fd",
    "data": [
      {
        "text": "update my ",
        "userDefined": false
      },
      {
        "text": "shopping",
        "meta": "@sys.any",
        "alias": "list-name",
        "userDefined": true
      },
      {
        "text": " list with ",
        "userDefined": false
      },
      {
        "text": "bananas",
        "meta": "@sys.any",
        "alias": "list-objects",
        "userDefined": true
      }
    ],
    "isTemplate": false,
    "count": 0,
    "lang": "en",
    "updated": 0
  },
  {
    "id": "bcbdd704-ee3f-472c-9dc7-77405a256e79",
    "data": [
      {
        "text": "add ",
        "userDefined": false
      },
      {
        "text": "hats",
        "meta": "@sys.any",
        "alias": "list-objects",
        "userDefined": true
      },
      {
        "text": " to the ",
        "userDefined": false
      },
      {
        "text": "start",
        "meta": "@list-start",
        "alias": "list-start",
        "userDefined": true
      },
      {
        "text": " of my list called ",
        "userDefined": false
      },
      {
        "text": "shopping tomorrow",
        "meta": "@sys.any",
        "alias": "list-name",
        "userDefined": true
      }
    ],
    "isTemplate": false,
    "count": 0,
    "lang": "en",
    "updated": 0
  },
  {
    "id": "e3f73f13-ee12-4221-8fcd-3a5c48c2f5b9",
    "data": [
      {
        "text": "put ",
        "userDefined": false
      },
      {
        "text": "socks",
        "meta": "@sys.any",
        "alias": "list-objects",
        "userDefined": true
      },
      {
        "text": " at the ",
        "userDefined": false
      },
      {
        "text": "end",
        "meta": "@sys.ignore",
        "userDefined": false
      },
      {
        "text": " of my ",
        "userDefined": false
      },
      {
        "text": "shopping",
        "meta": "@sys.any",
        "alias": "list-name",
        "userDefined": true
      },
      {
        "text": " list",
        "userDefined": false
      }
    ],
    "isTemplate": false,
    "count": 0,
    "lang": "en",
    "updated": 0
  },
  {
    "id": "03b5f05b-9fe0-4712-a1a7-7001a6710594",
    "data": [
      {
        "text": "add ",
        "userDefined": false
      },
      {
        "text": "MILK",
        "meta": "@sys.any",
        "alias": "list-objects",
        "userDefined": true
      },
      {
        "text": " to the ",
        "userDefined": false
      },
      {
        "text": "top",
        "meta": "@list-start",
        "alias": "list-start",
        "userDefined": true
      },
      {
        "text": " of my ",
        "userDefined": false
      },
      {
        "text": "grocery",
        "meta": "@sys.any",
        "alias": "list-name",
        "userDefined": true
      },
      {
        "text": " ",
        "userDefined": false
      },
      {
        "text": "list",
        "meta": "@sys.ignore",
        "userDefined": false
      },
      {
        "text": ".",
        "userDefined": false
      }
    ],
    "isTemplate": false,
    "count": 0,
    "lang": "en",
    "updated": 0
  },
  {
    "id": "5a2aaccf-caef-4868-a7ca-3008da8f7d85",
    "data": [
      {
        "text": "update my ",
        "userDefined": false
      },
      {
        "text": "preferences",
        "meta": "@sys.any",
        "alias": "list-name",
        "userDefined": true
      },
      {
        "text": " ",
        "userDefined": false
      },
      {
        "text": "list",
        "meta": "@sys.ignore",
        "userDefined": false
      },
      {
        "text": " with ",
        "userDefined": false
      },
      {
        "text": "cookies",
        "meta": "@sys.any",
        "alias": "list-objects",
        "userDefined": true
      },
      {
        "text": ".",
        "userDefined": false
      }
    ],
    "isTemplate": false,
    "count": 0,
    "lang": "en",
    "updated": 0
  },
  {
    "id": "db07c2d4-f27d-406e-a6a8-56322f0809c1",
    "data": [
      {
        "text": "add ",
        "userDefined": false
      },
      {
        "text": "pineapples, pears, and passion fruit",
        "meta": "@sys.any",
        "alias": "list-objects",
        "userDefined": true
      },
      {
        "text": " to my ",
        "userDefined": false
      },
      {
        "text": "grocery",
        "meta": "@sys.any",
        "alias": "list-name",
        "userDefined": true
      },
      {
        "text": " ",
        "userDefined": false
      },
      {
        "text": "list",
        "meta": "@sys.ignore",
        "userDefined": false
      },
      {
        "text": ".",
        "userDefined": false
      }
    ],
    "isTemplate": false,
    "count": 0,
    "lang": "en",
    "updated": 0
  }
]