[
  {
    "id": "5087040a-9bde-446f-8d16-573133479bdd",
    "data": [
      {
        "text": "並非",
        "userDefined": false
      }
    ],
    "isTemplate": false,
    "count": 0,
    "lang": "zh-hk",
    "updated": 0
  },
  {
    "id": "8160df52-5d09-4c9c-8e49-fe300b6c0882",
    "data": [
      {
        "text": "我不同意",
        "userDefined": false
      }
    ],
    "isTemplate": false,
    "count": 0,
    "lang": "zh-hk",
    "updated": 0
  },
  {
    "id": "feb1f478-0b68-4265-a8e7-a8d79822cf0f",
    "data": [
      {
        "text": "絕對不是",
        "userDefined": false
      }
    ],
    "isTemplate": false,
    "count": 0,
    "lang": "zh-hk",
    "updated": 0
  },
  {
    "id": "3f5a50f2-1364-4b6f-9fd8-7c96e21706e5",
    "data": [
      {
        "text": "不好",
        "userDefined": false
      }
    ],
    "isTemplate": false,
    "count": 0,
    "lang": "zh-hk",
    "updated": 0
  },
  {
    "id": "67ac0eea-480a-42a5-966c-9fb5ce90dbda",
    "data": [
      {
        "text": "不",
        "userDefined": false
      }
    ],
    "isTemplate": false,
    "count": 0,
    "lang": "zh-hk",
    "updated": 0
  },
  {
    "id": "f49283dc-4ade-4593-a1df-badac1d2a1da",
    "data": [
      {
        "text": "我不要",
        "userDefined": false
      }
    ],
    "isTemplate": false,
    "count": 0,
    "lang": "zh-hk",
    "updated": 0
  },
  {
    "id": "4310efa6-c07a-4fb6-9a2f-be217aa0e921",
    "data": [
      {
        "text": "我不認同",
        "userDefined": false
      }
    ],
    "isTemplate": false,
    "count": 0,
    "lang": "zh-hk",
    "updated": 0
  },
  {
    "id": "b688e67f-f666-4e44-b4d0-84a47f3269cc",
    "data": [
      {
        "text": "謝謝 不必了",
        "userDefined": false
      }
    ],
    "isTemplate": false,
    "count": 0,
    "lang": "zh-hk",
    "updated": 0
  },
  {
    "id": "5e636c6a-1656-4822-8379-a544295d978a",
    "data": [
      {
        "text": "沒興趣",
        "userDefined": false
      }
    ],
    "isTemplate": false,
    "count": 0,
    "lang": "zh-hk",
    "updated": 0
  }
]