[
  {
    "id": "f8fd9ebf-df55-4490-a72e-a56d48e967ab",
    "data": [
      {
        "text": "my ",
        "userDefined": false
      },
      {
        "text": "last name",
        "meta": "@name-type",
        "alias": "type",
        "userDefined": true
      },
      {
        "text": " is ",
        "userDefined": false
      },
      {
        "text": "Johnson",
        "meta": "@sys.last-name",
        "alias": "last-name",
        "userDefined": true
      },
      {
        "text": " right",
        "userDefined": false
      }
    ],
    "isTemplate": false,
    "count": 0,
    "lang": "en",
    "updated": 0
  },
  {
    "id": "827866ef-bd01-4a2c-b4ac-219902300b88",
    "data": [
      {
        "text": "is my name ",
        "userDefined": false
      },
      {
        "text": "Tom",
        "meta": "@sys.given-name",
        "alias": "given-name",
        "userDefined": true
      }
    ],
    "isTemplate": false,
    "count": 0,
    "lang": "en",
    "updated": 0
  },
  {
    "id": "1ad3afbc-42ab-4cab-b346-8858b1103b2f",
    "data": [
      {
        "text": "is ",
        "userDefined": false
      },
      {
        "text": "Green",
        "meta": "@sys.last-name",
        "alias": "last-name",
        "userDefined": true
      },
      {
        "text": " my ",
        "userDefined": false
      },
      {
        "text": "last name",
        "meta": "@name-type",
        "alias": "type",
        "userDefined": true
      }
    ],
    "isTemplate": false,
    "count": 0,
    "lang": "en",
    "updated": 0
  },
  {
    "id": "352bd4e1-f11c-4733-a8da-c3afe3ffc9bc",
    "data": [
      {
        "text": "is my ",
        "userDefined": false
      },
      {
        "text": "middle name",
        "meta": "@name-type",
        "alias": "type",
        "userDefined": true
      },
      {
        "text": " ",
        "userDefined": false
      },
      {
        "text": "Smith",
        "meta": "@sys.given-name",
        "alias": "given-name",
        "userDefined": true
      },
      {
        "text": " or not",
        "userDefined": false
      }
    ],
    "isTemplate": false,
    "count": 0,
    "lang": "en",
    "updated": 0
  },
  {
    "id": "a22aa91e-621f-4211-9edf-8a188a67eaf6",
    "data": [
      {
        "text": "is ",
        "userDefined": false
      },
      {
        "text": "Mike",
        "meta": "@sys.given-name",
        "alias": "given-name",
        "userDefined": true
      },
      {
        "text": " my name",
        "userDefined": false
      }
    ],
    "isTemplate": false,
    "count": 0,
    "lang": "en",
    "updated": 0
  },
  {
    "id": "f5a09fbd-f601-4366-90ce-61c1b57ac33b",
    "data": [
      {
        "text": "is my ",
        "userDefined": false
      },
      {
        "text": "nickname",
        "meta": "@name-type",
        "alias": "type",
        "userDefined": true
      },
      {
        "text": " ",
        "userDefined": false
      },
      {
        "text": "Woo Woo",
        "meta": "@nick-name",
        "alias": "nick-name",
        "userDefined": true
      },
      {
        "text": " or not",
        "userDefined": false
      }
    ],
    "isTemplate": false,
    "count": 0,
    "lang": "en",
    "updated": 0
  },
  {
    "id": "da636a10-0c2c-4cc2-b889-c985604dcc8a",
    "data": [
      {
        "text": "am I ",
        "userDefined": false
      },
      {
        "text": "Anna",
        "meta": "@sys.given-name",
        "alias": "given-name",
        "userDefined": true
      }
    ],
    "isTemplate": false,
    "count": 0,
    "lang": "en",
    "updated": 0
  },
  {
    "id": "a4b0159a-51c6-4ae0-8ec5-02530a5bdf07",
    "data": [
      {
        "text": "my ",
        "userDefined": false
      },
      {
        "text": "middle name",
        "meta": "@name-type",
        "alias": "type",
        "userDefined": true
      },
      {
        "text": " is ",
        "userDefined": false
      },
      {
        "text": "John",
        "meta": "@sys.given-name",
        "alias": "given-name",
        "userDefined": true
      },
      {
        "text": " right",
        "userDefined": false
      }
    ],
    "isTemplate": false,
    "count": 0,
    "lang": "en",
    "updated": 0
  },
  {
    "id": "c83d0ac2-d54e-4573-80f8-edd045f81e76",
    "data": [
      {
        "text": "is my ",
        "userDefined": false
      },
      {
        "text": "nickname",
        "meta": "@name-type",
        "alias": "type",
        "userDefined": true
      },
      {
        "text": " ",
        "userDefined": false
      },
      {
        "text": "Ice",
        "meta": "@nick-name",
        "alias": "nick-name",
        "userDefined": true
      }
    ],
    "isTemplate": false,
    "count": 0,
    "lang": "en",
    "updated": 0
  }
]