[
  {
    "id": "59b9d423-19db-4587-86fa-35d1ae9211de",
    "data": [
      {
        "text": "change my ",
        "userDefined": false
      },
      {
        "text": "middle name",
        "meta": "@name-type",
        "alias": "type",
        "userDefined": true
      },
      {
        "text": " to ",
        "userDefined": false
      },
      {
        "text": "Claire",
        "meta": "@sys.given-name",
        "alias": "given-name",
        "userDefined": true
      }
    ],
    "isTemplate": false,
    "count": 0,
    "lang": "en",
    "updated": 0
  },
  {
    "id": "58a32252-5d37-4637-8c42-5d8abc6364e9",
    "data": [
      {
        "text": "would you like to change my ",
        "userDefined": false
      },
      {
        "text": "first name",
        "meta": "@name-type",
        "alias": "type",
        "userDefined": true
      },
      {
        "text": " to ",
        "userDefined": false
      },
      {
        "text": "Sam",
        "meta": "@sys.given-name",
        "alias": "given-name",
        "userDefined": true
      }
    ],
    "isTemplate": false,
    "count": 0,
    "lang": "en",
    "updated": 0
  },
  {
    "id": "d10a6f37-841b-4afa-983b-20fe4d353a81",
    "data": [
      {
        "text": "change my name to ",
        "userDefined": false
      },
      {
        "text": "Tom",
        "meta": "@sys.given-name",
        "alias": "given-name",
        "userDefined": true
      }
    ],
    "isTemplate": false,
    "count": 4,
    "lang": "en",
    "updated": 0
  },
  {
    "id": "f20cf0df-3be2-4252-963a-693e045cc2c7",
    "data": [
      {
        "text": "how can I change my ",
        "userDefined": false
      },
      {
        "text": "nickname",
        "meta": "@name-type",
        "alias": "type",
        "userDefined": true
      },
      {
        "text": " to ",
        "userDefined": false
      },
      {
        "text": "Lisa",
        "meta": "@nick-name",
        "alias": "nick-name",
        "userDefined": true
      }
    ],
    "isTemplate": false,
    "count": 0,
    "lang": "en",
    "updated": 0
  },
  {
    "id": "194f679f-98b7-4972-af3a-012996e552e0",
    "data": [
      {
        "text": "can I change my ",
        "userDefined": false
      },
      {
        "text": "last name",
        "meta": "@name-type",
        "alias": "type",
        "userDefined": true
      },
      {
        "text": " to ",
        "userDefined": false
      },
      {
        "text": "Smith",
        "meta": "@sys.last-name",
        "alias": "last-name",
        "userDefined": true
      }
    ],
    "isTemplate": false,
    "count": 0,
    "lang": "en",
    "updated": 0
  },
  {
    "id": "f3931b60-e598-4496-b24b-32e6b7f1a192",
    "data": [
      {
        "text": "how can I change my ",
        "userDefined": false
      },
      {
        "text": "first name",
        "meta": "@name-type",
        "alias": "type",
        "userDefined": true
      },
      {
        "text": " to ",
        "userDefined": false
      },
      {
        "text": "Mike",
        "meta": "@sys.given-name",
        "alias": "given-name",
        "userDefined": true
      }
    ],
    "isTemplate": false,
    "count": 0,
    "lang": "en",
    "updated": 0
  },
  {
    "id": "a81cff2d-b6b6-47c3-acf6-21e6f8f16859",
    "data": [
      {
        "text": "where can I change my ",
        "userDefined": false
      },
      {
        "text": "surname",
        "meta": "@name-type",
        "alias": "type",
        "userDefined": true
      },
      {
        "text": " to ",
        "userDefined": false
      },
      {
        "text": "Johnson",
        "meta": "@sys.last-name",
        "alias": "last-name",
        "userDefined": true
      }
    ],
    "isTemplate": false,
    "count": 0,
    "lang": "en",
    "updated": 0
  },
  {
    "id": "07f92f02-302c-44d3-bb76-ddb0d90376da",
    "data": [
      {
        "text": "could you change my ",
        "userDefined": false
      },
      {
        "text": "middle name",
        "meta": "@name-type",
        "alias": "type",
        "userDefined": true
      },
      {
        "text": " to ",
        "userDefined": false
      },
      {
        "text": "Maria",
        "meta": "@sys.given-name",
        "alias": "given-name",
        "userDefined": true
      }
    ],
    "isTemplate": false,
    "count": 0,
    "lang": "en",
    "updated": 0
  },
  {
    "id": "b6b3f5c9-abde-4c5b-9dd4-c3b31adc58de",
    "data": [
      {
        "text": "how can I change my ",
        "userDefined": false
      },
      {
        "text": "first name",
        "meta": "@name-type",
        "alias": "type",
        "userDefined": true
      }
    ],
    "isTemplate": false,
    "count": 0,
    "lang": "en",
    "updated": 0
  },
  {
    "id": "de460326-688d-4082-aa80-60f7736dde07",
    "data": [
      {
        "text": "let\u0027s change my ",
        "userDefined": false
      },
      {
        "text": "surname",
        "meta": "@name-type",
        "alias": "type",
        "userDefined": true
      },
      {
        "text": " to ",
        "userDefined": false
      },
      {
        "text": "Evans",
        "meta": "@sys.last-name",
        "alias": "last-name",
        "userDefined": true
      }
    ],
    "isTemplate": false,
    "count": 0,
    "lang": "en",
    "updated": 0
  },
  {
    "id": "6dde11e7-2fc3-48d5-a81f-b718fcd6a664",
    "data": [
      {
        "text": "change my name to ",
        "userDefined": false
      },
      {
        "text": "A",
        "meta": "@sys.given-name",
        "alias": "given-name",
        "userDefined": true
      },
      {
        "text": " ",
        "userDefined": false
      },
      {
        "text": "B",
        "meta": "@sys.last-name",
        "alias": "last-name",
        "userDefined": true
      }
    ],
    "isTemplate": false,
    "count": 0,
    "lang": "en",
    "updated": 0
  },
  {
    "id": "03f7456b-495e-46fe-b62f-f91be61836e1",
    "data": [
      {
        "text": "let\u0027s change my ",
        "userDefined": false
      },
      {
        "text": "nickname",
        "meta": "@name-type",
        "alias": "type",
        "userDefined": true
      },
      {
        "text": " to ",
        "userDefined": false
      },
      {
        "text": "Ice",
        "meta": "@nick-name",
        "alias": "nick-name",
        "userDefined": true
      }
    ],
    "isTemplate": false,
    "count": 0,
    "lang": "en",
    "updated": 0
  },
  {
    "id": "e9a07aaf-153e-4259-8982-5c255cf415e2",
    "data": [
      {
        "text": "I think you should change my ",
        "userDefined": false
      },
      {
        "text": "middle name",
        "meta": "@name-type",
        "alias": "type",
        "userDefined": true
      }
    ],
    "isTemplate": false,
    "count": 0,
    "lang": "en",
    "updated": 0
  },
  {
    "id": "07faef57-72a8-4ccc-87bd-1ba6a1dbc98e",
    "data": [
      {
        "text": "change my ",
        "userDefined": false
      },
      {
        "text": "middle name",
        "meta": "@name-type",
        "alias": "type",
        "userDefined": true
      },
      {
        "text": " to ",
        "userDefined": false
      },
      {
        "text": "Nick",
        "meta": "@sys.given-name",
        "alias": "given-name",
        "userDefined": true
      }
    ],
    "isTemplate": false,
    "count": 0,
    "lang": "en",
    "updated": 0
  },
  {
    "id": "2eaa9af8-2f15-44a7-a137-9cb1ec0e6cae",
    "data": [
      {
        "text": "how can I change my name",
        "userDefined": false
      }
    ],
    "isTemplate": false,
    "count": 0,
    "lang": "en",
    "updated": 0
  },
  {
    "id": "50b81a3e-ac01-4400-918e-b44eb0e26804",
    "data": [
      {
        "text": "I\u0027ll change my ",
        "userDefined": false
      },
      {
        "text": "last name",
        "meta": "@name-type",
        "alias": "type",
        "userDefined": true
      },
      {
        "text": " to ",
        "userDefined": false
      },
      {
        "text": "Green",
        "meta": "@sys.last-name",
        "alias": "last-name",
        "userDefined": true
      }
    ],
    "isTemplate": false,
    "count": 0,
    "lang": "en",
    "updated": 0
  },
  {
    "id": "ccbcccbe-f0c1-49b0-a9c2-8448e3e4da82",
    "data": [
      {
        "text": "my ",
        "userDefined": false
      },
      {
        "text": "surname",
        "meta": "@name-type",
        "alias": "type",
        "userDefined": true
      },
      {
        "text": " is not Jones it\u0027s ",
        "userDefined": false
      },
      {
        "text": "Davis",
        "meta": "@sys.last-name",
        "alias": "last-name",
        "userDefined": true
      }
    ],
    "isTemplate": false,
    "count": 0,
    "lang": "en",
    "updated": 0
  },
  {
    "id": "ad76b2bb-2025-4c36-8392-b4c4a71744e0",
    "data": [
      {
        "text": "change my ",
        "userDefined": false
      },
      {
        "text": "nickname",
        "meta": "@name-type",
        "alias": "type",
        "userDefined": true
      },
      {
        "text": " to ",
        "userDefined": false
      },
      {
        "text": "Woo Woo",
        "meta": "@nick-name",
        "alias": "nick-name",
        "userDefined": true
      }
    ],
    "isTemplate": false,
    "count": 0,
    "lang": "en",
    "updated": 0
  },
  {
    "id": "f93c9725-9d08-4f6b-a607-2d7231ac93d2",
    "data": [
      {
        "text": "could you change my ",
        "userDefined": false
      },
      {
        "text": "middle name",
        "meta": "@name-type",
        "alias": "type",
        "userDefined": true
      }
    ],
    "isTemplate": false,
    "count": 0,
    "lang": "en",
    "updated": 0
  },
  {
    "id": "41fab7f3-5b3b-4139-9290-aa157f39cb17",
    "data": [
      {
        "text": "can I change my name",
        "userDefined": false
      }
    ],
    "isTemplate": false,
    "count": 0,
    "lang": "en",
    "updated": 0
  },
  {
    "id": "ae83e927-fd63-4154-946e-5f61f6d491a7",
    "data": [
      {
        "text": "where can I change my name to ",
        "userDefined": false
      },
      {
        "text": "Marta",
        "meta": "@sys.given-name",
        "alias": "given-name",
        "userDefined": true
      }
    ],
    "isTemplate": false,
    "count": 0,
    "lang": "en",
    "updated": 0
  },
  {
    "id": "b4548223-42cc-4b85-9400-f046f74d9b82",
    "data": [
      {
        "text": "would you like to change my ",
        "userDefined": false
      },
      {
        "text": "middle name",
        "meta": "@name-type",
        "alias": "type",
        "userDefined": true
      },
      {
        "text": " to ",
        "userDefined": false
      },
      {
        "text": "Cristina",
        "meta": "@sys.given-name",
        "alias": "given-name",
        "userDefined": true
      }
    ],
    "isTemplate": false,
    "count": 0,
    "lang": "en",
    "updated": 0
  },
  {
    "id": "338566e0-b13d-4423-9956-6225801f5d32",
    "data": [
      {
        "text": "I think you should change my ",
        "userDefined": false
      },
      {
        "text": "middle name",
        "meta": "@name-type",
        "alias": "type",
        "userDefined": true
      },
      {
        "text": " to ",
        "userDefined": false
      },
      {
        "text": "Mike",
        "meta": "@sys.given-name",
        "alias": "given-name",
        "userDefined": true
      }
    ],
    "isTemplate": false,
    "count": 0,
    "lang": "en",
    "updated": 0
  },
  {
    "id": "f37a410b-9577-430c-9387-ca1df7d672ad",
    "data": [
      {
        "text": "let\u0027s change my ",
        "userDefined": false
      },
      {
        "text": "surname",
        "meta": "@name-type",
        "alias": "type",
        "userDefined": true
      }
    ],
    "isTemplate": false,
    "count": 0,
    "lang": "en",
    "updated": 0
  },
  {
    "id": "546565d8-31ac-4547-a69c-3a96697b8a51",
    "data": [
      {
        "text": "I\u0027d like to change my ",
        "userDefined": false
      },
      {
        "text": "surname",
        "meta": "@name-type",
        "alias": "type",
        "userDefined": true
      }
    ],
    "isTemplate": false,
    "count": 0,
    "lang": "en",
    "updated": 0
  },
  {
    "id": "5e81d84f-b2c5-40f4-ade5-6d6dfc64a113",
    "data": [
      {
        "text": "can I change my ",
        "userDefined": false
      },
      {
        "text": "last name",
        "meta": "@name-type",
        "alias": "type",
        "userDefined": true
      },
      {
        "text": " to ",
        "userDefined": false
      },
      {
        "text": "Green",
        "meta": "@sys.last-name",
        "alias": "last-name",
        "userDefined": true
      }
    ],
    "isTemplate": false,
    "count": 0,
    "lang": "en",
    "updated": 0
  },
  {
    "id": "491b13d2-5cfa-4958-b8ea-39362b3f2204",
    "data": [
      {
        "text": "could you ",
        "userDefined": false
      },
      {
        "text": "change",
        "meta": "@sys.ignore",
        "userDefined": false
      },
      {
        "text": " my ",
        "userDefined": false
      },
      {
        "text": "name",
        "meta": "@sys.ignore",
        "userDefined": false
      }
    ],
    "isTemplate": false,
    "count": 0,
    "lang": "en",
    "updated": 0
  },
  {
    "id": "d541f374-e7af-4c2a-97d7-71ca3df56712",
    "data": [
      {
        "text": "I think you should change my name",
        "userDefined": false
      }
    ],
    "isTemplate": false,
    "count": 0,
    "lang": "en",
    "updated": 0
  },
  {
    "id": "08be0234-1587-467d-8d06-5e6a5da17327",
    "data": [
      {
        "text": "let\u0027s change my name",
        "userDefined": false
      }
    ],
    "isTemplate": false,
    "count": 0,
    "lang": "en",
    "updated": 0
  },
  {
    "id": "ed30f73d-789a-4792-b6ac-b47fe4ddcf06",
    "data": [
      {
        "text": "do you mind if I change my ",
        "userDefined": false
      },
      {
        "text": "nickname",
        "meta": "@name-type",
        "alias": "type",
        "userDefined": true
      }
    ],
    "isTemplate": false,
    "count": 0,
    "lang": "en",
    "updated": 0
  },
  {
    "id": "0e765b6f-b56c-4368-8645-0b947f2ecb7f",
    "data": [
      {
        "text": "I\u0027d like to change my name to ",
        "userDefined": false
      },
      {
        "text": "John",
        "meta": "@sys.given-name",
        "alias": "given-name",
        "userDefined": true
      }
    ],
    "isTemplate": false,
    "count": 0,
    "lang": "en",
    "updated": 0
  },
  {
    "id": "0c456a84-e67d-417f-8759-aeadd12f6e46",
    "data": [
      {
        "text": "could you change my name to ",
        "userDefined": false
      },
      {
        "text": "Jeff",
        "meta": "@sys.given-name",
        "alias": "given-name",
        "userDefined": true
      }
    ],
    "isTemplate": false,
    "count": 0,
    "lang": "en",
    "updated": 0
  },
  {
    "id": "3a65326b-b0df-44b8-a82a-58e35b120dbd",
    "data": [
      {
        "text": "I\u0027d like to change my ",
        "userDefined": false
      },
      {
        "text": "surname",
        "meta": "@name-type",
        "alias": "type",
        "userDefined": true
      },
      {
        "text": " to ",
        "userDefined": false
      },
      {
        "text": "Evans",
        "meta": "@sys.last-name",
        "alias": "last-name",
        "userDefined": true
      }
    ],
    "isTemplate": false,
    "count": 0,
    "lang": "en",
    "updated": 0
  },
  {
    "id": "a042d097-2650-4379-b554-71c0d7e8dc80",
    "data": [
      {
        "text": "my name is not Anna it\u0027s ",
        "userDefined": false
      },
      {
        "text": "Maria",
        "meta": "@sys.given-name",
        "alias": "given-name",
        "userDefined": true
      }
    ],
    "isTemplate": false,
    "count": 0,
    "lang": "en",
    "updated": 0
  },
  {
    "id": "d38a457c-4824-415d-a52c-c0a7a8cd83db",
    "data": [
      {
        "text": "no my ",
        "userDefined": false
      },
      {
        "text": "first name",
        "meta": "@name-type",
        "alias": "type",
        "userDefined": true
      },
      {
        "text": " is ",
        "userDefined": false
      },
      {
        "text": "Anna",
        "meta": "@sys.given-name",
        "alias": "given-name",
        "userDefined": true
      }
    ],
    "isTemplate": false,
    "count": 0,
    "lang": "en",
    "updated": 0
  },
  {
    "id": "61360377-6892-43be-9533-4b0f6780ac6e",
    "data": [
      {
        "text": "change",
        "meta": "@sys.ignore",
        "userDefined": false
      },
      {
        "text": " my ",
        "userDefined": false
      },
      {
        "text": "name",
        "meta": "@sys.ignore",
        "userDefined": false
      }
    ],
    "isTemplate": false,
    "count": 0,
    "lang": "en",
    "updated": 0
  },
  {
    "id": "b3c8814d-e39c-455f-9fa5-0dfc390e4b8e",
    "data": [
      {
        "text": "my ",
        "userDefined": false
      },
      {
        "text": "middle name",
        "meta": "@name-type",
        "alias": "type",
        "userDefined": true
      },
      {
        "text": " is not Nick",
        "userDefined": false
      }
    ],
    "isTemplate": false,
    "count": 0,
    "lang": "en",
    "updated": 0
  },
  {
    "id": "ec7614c7-3a5f-4115-b6a1-a6417ebf6314",
    "data": [
      {
        "text": "change my ",
        "userDefined": false
      },
      {
        "text": "first name",
        "meta": "@name-type",
        "alias": "type",
        "userDefined": true
      }
    ],
    "isTemplate": false,
    "count": 0,
    "lang": "en",
    "updated": 0
  },
  {
    "id": "36af1e55-1d26-4492-889b-d4a6b28ac740",
    "data": [
      {
        "text": "no my name is ",
        "userDefined": false
      },
      {
        "text": "Anna",
        "meta": "@sys.given-name",
        "alias": "given-name",
        "userDefined": true
      }
    ],
    "isTemplate": false,
    "count": 0,
    "lang": "en",
    "updated": 0
  },
  {
    "id": "0e28f53c-7bbe-49e0-9daf-7e9c4f6b1458",
    "data": [
      {
        "text": "I think you should change my ",
        "userDefined": false
      },
      {
        "text": "surname",
        "meta": "@name-type",
        "alias": "type",
        "userDefined": true
      },
      {
        "text": " to ",
        "userDefined": false
      },
      {
        "text": "Smith",
        "meta": "@sys.last-name",
        "alias": "last-name",
        "userDefined": true
      }
    ],
    "isTemplate": false,
    "count": 0,
    "lang": "en",
    "updated": 0
  },
  {
    "id": "1cc90536-cbe0-4a2d-b95d-6f20c9479d6f",
    "data": [
      {
        "text": "can I change my ",
        "userDefined": false
      },
      {
        "text": "last name",
        "meta": "@name-type",
        "alias": "type",
        "userDefined": true
      }
    ],
    "isTemplate": false,
    "count": 0,
    "lang": "en",
    "updated": 0
  },
  {
    "id": "ca36daf3-f991-4853-9a4b-7510e7233169",
    "data": [
      {
        "text": "where can I change my ",
        "userDefined": false
      },
      {
        "text": "surname",
        "meta": "@name-type",
        "alias": "type",
        "userDefined": true
      }
    ],
    "isTemplate": false,
    "count": 0,
    "lang": "en",
    "updated": 0
  },
  {
    "id": "470d614d-b45a-43c4-9259-7941dce977fc",
    "data": [
      {
        "text": "I\u0027ll change my ",
        "userDefined": false
      },
      {
        "text": "surname",
        "meta": "@name-type",
        "alias": "type",
        "userDefined": true
      },
      {
        "text": " to ",
        "userDefined": false
      },
      {
        "text": "Evans",
        "meta": "@sys.last-name",
        "alias": "last-name",
        "userDefined": true
      }
    ],
    "isTemplate": false,
    "count": 0,
    "lang": "en",
    "updated": 0
  },
  {
    "id": "4839bca6-72cf-4103-b9dd-04596b522632",
    "data": [
      {
        "text": "do you mind if I change my ",
        "userDefined": false
      },
      {
        "text": "nickname",
        "meta": "@name-type",
        "alias": "type",
        "userDefined": true
      },
      {
        "text": " to ",
        "userDefined": false
      },
      {
        "text": "Squirrel",
        "meta": "@nick-name",
        "alias": "nick-name",
        "userDefined": true
      }
    ],
    "isTemplate": false,
    "count": 0,
    "lang": "en",
    "updated": 0
  }
]