[
  {
    "id": "7612fce3-fdb8-42b4-a2b2-10eacd4800dc",
    "data": [
      {
        "text": "check my ",
        "userDefined": false
      },
      {
        "text": "name",
        "meta": "@sys.ignore",
        "userDefined": false
      },
      {
        "text": " spelling",
        "userDefined": false
      }
    ],
    "isTemplate": false,
    "count": 0,
    "lang": "en",
    "updated": 0
  },
  {
    "id": "cf6cb8b8-0b19-49b8-b44f-34347b318762",
    "data": [
      {
        "text": "how ",
        "userDefined": false
      },
      {
        "text": "do",
        "meta": "@sys.ignore",
        "userDefined": false
      },
      {
        "text": " you spell my ",
        "userDefined": false
      },
      {
        "text": "name",
        "meta": "@sys.ignore",
        "userDefined": false
      }
    ],
    "isTemplate": false,
    "count": 0,
    "lang": "en",
    "updated": 0
  },
  {
    "id": "b9884d27-da05-4052-92f9-9aa6ca796722",
    "data": [
      {
        "text": "check my ",
        "userDefined": false
      },
      {
        "text": "surname",
        "meta": "@name-type",
        "alias": "type",
        "userDefined": true
      },
      {
        "text": " spelling",
        "userDefined": false
      }
    ],
    "isTemplate": false,
    "count": 0,
    "lang": "en",
    "updated": 0
  },
  {
    "id": "609fdcc5-3057-4eb0-9eb1-fc81690fa757",
    "data": [
      {
        "text": "spell my ",
        "userDefined": false
      },
      {
        "text": "nickname",
        "meta": "@name-type",
        "alias": "type",
        "userDefined": true
      }
    ],
    "isTemplate": false,
    "count": 0,
    "lang": "en",
    "updated": 0
  },
  {
    "id": "842043ef-6575-47c6-9882-f1ae0e947c4a",
    "data": [
      {
        "text": "spell my ",
        "userDefined": false
      },
      {
        "text": "name",
        "meta": "@sys.ignore",
        "userDefined": false
      }
    ],
    "isTemplate": false,
    "count": 0,
    "lang": "en",
    "updated": 0
  },
  {
    "id": "c15c8aaa-8dbb-4383-86fe-0f113fa1b3d6",
    "data": [
      {
        "text": "how do you spell my ",
        "userDefined": false
      },
      {
        "text": "middle name",
        "meta": "@name-type",
        "alias": "type",
        "userDefined": true
      }
    ],
    "isTemplate": false,
    "count": 0,
    "lang": "en",
    "updated": 0
  }
]