[
  {
    "id": "536fcff9-2b0e-4d4f-8d09-b482f583a368",
    "data": [
      {
        "text": "what a great ",
        "userDefined": false
      },
      {
        "text": "name",
        "meta": "@sys.ignore",
        "userDefined": false
      },
      {
        "text": " ",
        "userDefined": false
      },
      {
        "text": "I",
        "meta": "@sys.ignore",
        "userDefined": false
      },
      {
        "text": " have",
        "userDefined": false
      }
    ],
    "isTemplate": false,
    "count": 0,
    "lang": "en",
    "updated": 0
  },
  {
    "id": "334b3c69-a764-4726-acbe-f06b7d28e53a",
    "data": [
      {
        "text": "I love my ",
        "userDefined": false
      },
      {
        "text": "surname",
        "meta": "@name-type",
        "alias": "type",
        "userDefined": true
      }
    ],
    "isTemplate": false,
    "count": 0,
    "lang": "en",
    "updated": 0
  },
  {
    "id": "7b612f76-8d81-48e5-8b6f-d0f965349cf4",
    "data": [
      {
        "text": "my ",
        "userDefined": false
      },
      {
        "text": "middle name",
        "meta": "@name-type",
        "alias": "type",
        "userDefined": true
      },
      {
        "text": " is good",
        "userDefined": false
      }
    ],
    "isTemplate": false,
    "count": 0,
    "lang": "en",
    "updated": 0
  },
  {
    "id": "5c9e8c79-a322-4a2e-8035-93a915b25ead",
    "data": [
      {
        "text": "I",
        "meta": "@sys.ignore",
        "userDefined": false
      },
      {
        "text": " ",
        "userDefined": false
      },
      {
        "text": "love",
        "meta": "@sys.ignore",
        "userDefined": false
      },
      {
        "text": " my ",
        "userDefined": false
      },
      {
        "text": "name",
        "meta": "@sys.ignore",
        "userDefined": false
      }
    ],
    "isTemplate": false,
    "count": 0,
    "lang": "en",
    "updated": 0
  },
  {
    "id": "03f93536-6e03-4419-9591-f6d3f94ccb67",
    "data": [
      {
        "text": "I",
        "meta": "@sys.ignore",
        "userDefined": false
      },
      {
        "text": " have an awesome ",
        "userDefined": false
      },
      {
        "text": "name",
        "meta": "@sys.ignore",
        "userDefined": false
      }
    ],
    "isTemplate": false,
    "count": 0,
    "lang": "en",
    "updated": 0
  },
  {
    "id": "53b30fb3-28d6-4303-af57-3ec46b06f6ab",
    "data": [
      {
        "text": "I have an awesome ",
        "userDefined": false
      },
      {
        "text": "nickname",
        "meta": "@name-type",
        "alias": "type",
        "userDefined": true
      }
    ],
    "isTemplate": false,
    "count": 0,
    "lang": "en",
    "updated": 0
  },
  {
    "id": "f5a3dee2-4e5f-4dab-a9da-d99e3c1722c4",
    "data": [
      {
        "text": "I like my name",
        "userDefined": false
      }
    ],
    "isTemplate": false,
    "count": 0,
    "lang": "en",
    "updated": 0
  },
  {
    "id": "20946beb-9cc6-4328-8b58-e4774a8815f3",
    "data": [
      {
        "text": "my ",
        "userDefined": false
      },
      {
        "text": "name",
        "meta": "@sys.ignore",
        "userDefined": false
      },
      {
        "text": " is good",
        "userDefined": false
      }
    ],
    "isTemplate": false,
    "count": 0,
    "lang": "en",
    "updated": 0
  },
  {
    "id": "7e9e1ff9-af79-4fc3-80f2-6723970d5da7",
    "data": [
      {
        "text": "what a great ",
        "userDefined": false
      },
      {
        "text": "last name",
        "meta": "@name-type",
        "alias": "type",
        "userDefined": true
      },
      {
        "text": " I have",
        "userDefined": false
      }
    ],
    "isTemplate": false,
    "count": 0,
    "lang": "en",
    "updated": 0
  }
]