[
  {
    "id": "08f04059-19ca-45e3-ab33-4abd139ec026",
    "data": [
      {
        "text": "I have an awful ",
        "userDefined": false
      },
      {
        "text": "nickname",
        "meta": "@name-type",
        "alias": "type",
        "userDefined": true
      }
    ],
    "isTemplate": false,
    "count": 0,
    "lang": "en",
    "updated": 0
  },
  {
    "id": "34e29550-f8f8-4b0c-9121-9d5df186c1a6",
    "data": [
      {
        "text": "what a horrible ",
        "userDefined": false
      },
      {
        "text": "last name",
        "meta": "@name-type",
        "alias": "type",
        "userDefined": true
      },
      {
        "text": " I have",
        "userDefined": false
      }
    ],
    "isTemplate": false,
    "count": 0,
    "lang": "en",
    "updated": 0
  },
  {
    "id": "e5c76131-f3ad-4055-9de5-82bce950a35f",
    "data": [
      {
        "text": "I",
        "meta": "@sys.ignore",
        "userDefined": false
      },
      {
        "text": " don\u0027t ",
        "userDefined": false
      },
      {
        "text": "like",
        "meta": "@sys.ignore",
        "userDefined": false
      },
      {
        "text": " my ",
        "userDefined": false
      },
      {
        "text": "name",
        "meta": "@sys.ignore",
        "userDefined": false
      }
    ],
    "isTemplate": false,
    "count": 0,
    "lang": "en",
    "updated": 0
  },
  {
    "id": "2b7ac938-55dd-45e5-af2b-29c97001e58a",
    "data": [
      {
        "text": "I don\u0027t like my ",
        "userDefined": false
      },
      {
        "text": "surname",
        "meta": "@name-type",
        "alias": "type",
        "userDefined": true
      }
    ],
    "isTemplate": false,
    "count": 0,
    "lang": "en",
    "updated": 0
  },
  {
    "id": "3b1b0367-d347-4759-b795-78769f6c2ae7",
    "data": [
      {
        "text": "my ",
        "userDefined": false
      },
      {
        "text": "middle name",
        "meta": "@name-type",
        "alias": "type",
        "userDefined": true
      },
      {
        "text": " is bad",
        "userDefined": false
      }
    ],
    "isTemplate": false,
    "count": 0,
    "lang": "en",
    "updated": 0
  },
  {
    "id": "4d745780-e63e-497a-a148-4552248072cb",
    "data": [
      {
        "text": "my ",
        "userDefined": false
      },
      {
        "text": "name",
        "meta": "@sys.ignore",
        "userDefined": false
      },
      {
        "text": " is bad",
        "userDefined": false
      }
    ],
    "isTemplate": false,
    "count": 0,
    "lang": "en",
    "updated": 0
  },
  {
    "id": "99ce0851-e32f-4de2-a205-7187de4daa90",
    "data": [
      {
        "text": "what a horrible ",
        "userDefined": false
      },
      {
        "text": "name",
        "meta": "@sys.ignore",
        "userDefined": false
      },
      {
        "text": " ",
        "userDefined": false
      },
      {
        "text": "I",
        "meta": "@sys.ignore",
        "userDefined": false
      },
      {
        "text": " have",
        "userDefined": false
      }
    ],
    "isTemplate": false,
    "count": 0,
    "lang": "en",
    "updated": 0
  },
  {
    "id": "58ae29a3-9c58-4431-aa3b-f251e4e93956",
    "data": [
      {
        "text": "I",
        "meta": "@sys.ignore",
        "userDefined": false
      },
      {
        "text": " have an awful ",
        "userDefined": false
      },
      {
        "text": "name",
        "meta": "@sys.ignore",
        "userDefined": false
      }
    ],
    "isTemplate": false,
    "count": 0,
    "lang": "en",
    "updated": 0
  }
]