[
  {
    "id": "6aa38ed8-6032-47d7-bc2a-1458c2e31b71",
    "data": [
      {
        "text": "check my reminders",
        "userDefined": false
      }
    ],
    "isTemplate": false,
    "count": 0,
    "lang": "en",
    "updated": 0
  },
  {
    "id": "7c668691-8ff7-41e9-850d-ad218236db13",
    "data": [
      {
        "text": "show ",
        "userDefined": false
      },
      {
        "text": "all",
        "meta": "@all",
        "alias": "all",
        "userDefined": true
      },
      {
        "text": " reminders",
        "userDefined": false
      }
    ],
    "isTemplate": false,
    "count": 1,
    "lang": "en",
    "updated": 0
  },
  {
    "id": "d8d70a6d-5ece-4246-aa09-e6d2f98c64d7",
    "data": [
      {
        "text": "show me my reminders list",
        "userDefined": false
      }
    ],
    "isTemplate": false,
    "count": 0,
    "lang": "en",
    "updated": 0
  },
  {
    "id": "96f6676f-c445-495c-bdd2-d57911982278",
    "data": [
      {
        "text": "bring up reminders",
        "userDefined": false
      }
    ],
    "isTemplate": false,
    "count": 0,
    "lang": "en",
    "updated": 0
  },
  {
    "id": "bd1c9f31-effc-4751-aa37-e65c165fca36",
    "data": [
      {
        "text": "are",
        "meta": "@sys.ignore",
        "userDefined": false
      },
      {
        "text": " you supposed to remind me about something at ",
        "userDefined": false
      },
      {
        "text": "7 am",
        "meta": "@sys.date-time",
        "alias": "date-time",
        "userDefined": false
      }
    ],
    "isTemplate": false,
    "count": 0,
    "lang": "en",
    "updated": 0
  },
  {
    "id": "179f3ef1-78f1-45d8-a87c-809e358d834e",
    "data": [
      {
        "text": "show me reminders for ",
        "userDefined": false
      },
      {
        "text": "last Saturday",
        "meta": "@sys.date-time",
        "alias": "date-time",
        "userDefined": true
      }
    ],
    "isTemplate": false,
    "count": 0,
    "lang": "en",
    "updated": 0
  },
  {
    "id": "1d668b47-3fef-4173-9863-6b707fea1be3",
    "data": [
      {
        "text": "do I have a reminder set for ",
        "userDefined": false
      },
      {
        "text": "Luca\u0027s party",
        "meta": "@sys.any",
        "alias": "name",
        "userDefined": true
      }
    ],
    "isTemplate": false,
    "count": 0,
    "lang": "en",
    "updated": 0
  },
  {
    "id": "66be993f-672b-43bb-9c1e-1842f05530c6",
    "data": [
      {
        "text": "read that reminder",
        "userDefined": false
      }
    ],
    "isTemplate": false,
    "count": 0,
    "lang": "en",
    "updated": 0
  },
  {
    "id": "4857107a-6dc1-472c-bb31-2b2ac7506d28",
    "data": [
      {
        "text": "get",
        "meta": "@sys.ignore",
        "userDefined": false
      },
      {
        "text": " reminders with ",
        "userDefined": false
      },
      {
        "text": "name",
        "meta": "@sys.ignore",
        "userDefined": false
      },
      {
        "text": " ",
        "userDefined": false
      },
      {
        "text": "pills",
        "meta": "@sys.any",
        "alias": "name",
        "userDefined": true
      }
    ],
    "isTemplate": false,
    "count": 0,
    "lang": "en",
    "updated": 0
  },
  {
    "id": "1e3e4665-ce96-4ca9-92de-c38cca5dba67",
    "data": [
      {
        "text": "show reminders for ",
        "userDefined": false
      },
      {
        "text": "grocery store",
        "meta": "@sys.location",
        "alias": "location",
        "userDefined": true
      }
    ],
    "isTemplate": false,
    "count": 0,
    "lang": "en",
    "updated": 0
  },
  {
    "id": "5d7cc025-1e47-47d9-8769-93901a6ef00b",
    "data": [
      {
        "text": "are there any reminders for ",
        "userDefined": false
      },
      {
        "text": "today",
        "meta": "@sys.date-time",
        "alias": "date-time",
        "userDefined": true
      }
    ],
    "isTemplate": false,
    "count": 0,
    "lang": "en",
    "updated": 0
  },
  {
    "id": "ba4816d1-6a0d-4d68-bb54-ef92ed2dee62",
    "data": [
      {
        "text": "do I have any reminders scheduled",
        "userDefined": false
      }
    ],
    "isTemplate": false,
    "count": 0,
    "lang": "en",
    "updated": 0
  },
  {
    "id": "a259971b-f700-4f52-99a2-524894e5e587",
    "data": [
      {
        "text": "do I have any reminders scheduled for ",
        "userDefined": false
      },
      {
        "text": "weekdays",
        "meta": "@recurrence",
        "alias": "recurrence",
        "userDefined": true
      }
    ],
    "isTemplate": false,
    "count": 0,
    "lang": "en",
    "updated": 0
  },
  {
    "id": "efade49c-6db2-4fe6-9d9b-3567a25fbe70",
    "data": [
      {
        "text": "look my reminders",
        "userDefined": false
      }
    ],
    "isTemplate": false,
    "count": 0,
    "lang": "en",
    "updated": 0
  },
  {
    "id": "039facdb-f72c-470d-b68e-b4220e08ce9f",
    "data": [
      {
        "text": "what reminders do I have for ",
        "userDefined": false
      },
      {
        "text": "tomorrow",
        "meta": "@sys.date-time",
        "alias": "date-time",
        "userDefined": false
      }
    ],
    "isTemplate": false,
    "count": 0,
    "lang": "en",
    "updated": 0
  },
  {
    "id": "0438fc3c-0c5b-4962-8068-f1c25bd91126",
    "data": [
      {
        "text": "what\u0027s ",
        "userDefined": false
      },
      {
        "text": "on",
        "meta": "@sys.ignore",
        "userDefined": false
      },
      {
        "text": " my reminder list",
        "userDefined": false
      }
    ],
    "isTemplate": false,
    "count": 0,
    "lang": "en",
    "updated": 0
  },
  {
    "id": "0abc0caa-5d8e-49fd-a340-c269a76aacf9",
    "data": [
      {
        "text": "show me ",
        "userDefined": false
      },
      {
        "text": "all",
        "meta": "@all",
        "alias": "all",
        "userDefined": true
      },
      {
        "text": " my reminders",
        "userDefined": false
      }
    ],
    "isTemplate": false,
    "count": 1,
    "lang": "en",
    "updated": 0
  },
  {
    "id": "dc6e638c-8721-425b-ae76-7840fb794536",
    "data": [
      {
        "text": "how ",
        "userDefined": false
      },
      {
        "text": "many",
        "meta": "@sys.ignore",
        "userDefined": false
      },
      {
        "text": " reminders do I have",
        "userDefined": false
      }
    ],
    "isTemplate": false,
    "count": 0,
    "lang": "en",
    "updated": 0
  },
  {
    "id": "edbfca18-e569-4678-b444-4b4eee5d006a",
    "data": [
      {
        "text": "so my reminder",
        "userDefined": false
      }
    ],
    "isTemplate": false,
    "count": 0,
    "lang": "en",
    "updated": 0
  },
  {
    "id": "0d4718f5-7c02-49cf-aabd-66f416640bd6",
    "data": [
      {
        "text": "any reminder",
        "userDefined": false
      }
    ],
    "isTemplate": false,
    "count": 0,
    "lang": "en",
    "updated": 0
  },
  {
    "id": "09856fa8-c033-4501-ad33-90ae551308ba",
    "data": [
      {
        "text": "do I have any reminders ",
        "userDefined": false
      },
      {
        "text": "tomorrow",
        "meta": "@sys.date-time",
        "alias": "date-time",
        "userDefined": false
      }
    ],
    "isTemplate": false,
    "count": 0,
    "lang": "en",
    "updated": 0
  },
  {
    "id": "2d5536fe-e3a7-4f09-a07f-cf90c89089b2",
    "data": [
      {
        "text": "show me reminders for ",
        "userDefined": false
      },
      {
        "text": "today",
        "meta": "@sys.date-time",
        "alias": "date-time",
        "userDefined": false
      }
    ],
    "isTemplate": false,
    "count": 0,
    "lang": "en",
    "updated": 0
  },
  {
    "id": "680b09bf-22f1-43aa-b906-3ce134c43872",
    "data": [
      {
        "text": "are",
        "meta": "@sys.ignore",
        "userDefined": false
      },
      {
        "text": " you supposed to remind me about something on ",
        "userDefined": false
      },
      {
        "text": "November 11",
        "meta": "@sys.date-time",
        "alias": "date-time",
        "userDefined": false
      }
    ],
    "isTemplate": false,
    "count": 0,
    "lang": "en",
    "updated": 0
  },
  {
    "id": "4e309be7-5236-4bea-a0c8-35a803d9fb83",
    "data": [
      {
        "text": "show my ",
        "userDefined": false
      },
      {
        "text": "morning",
        "meta": "@sys.date-time",
        "alias": "date-time",
        "userDefined": true
      },
      {
        "text": " reminders",
        "userDefined": false
      }
    ],
    "isTemplate": false,
    "count": 0,
    "lang": "en",
    "updated": 0
  },
  {
    "id": "31bbf6fd-da7c-451b-95d6-cd2c16dad1b2",
    "data": [
      {
        "text": "list ",
        "userDefined": false
      },
      {
        "text": "of",
        "meta": "@sys.ignore",
        "userDefined": false
      },
      {
        "text": " my reminders",
        "userDefined": false
      }
    ],
    "isTemplate": false,
    "count": 0,
    "lang": "en",
    "updated": 0
  },
  {
    "id": "efc0e8c4-e49b-4b55-8b83-b49c5866e155",
    "data": [
      {
        "text": "open",
        "meta": "@sys.ignore",
        "userDefined": false
      },
      {
        "text": " my reminders",
        "userDefined": false
      }
    ],
    "isTemplate": false,
    "count": 0,
    "lang": "en",
    "updated": 0
  },
  {
    "id": "815b6ccc-8587-47a7-bad6-d16bd34a3b91",
    "data": [
      {
        "text": "read ",
        "userDefined": false
      },
      {
        "text": "all",
        "meta": "@all",
        "alias": "all",
        "userDefined": true
      },
      {
        "text": " my reminders about ",
        "userDefined": false
      },
      {
        "text": "walking my dog",
        "meta": "@sys.any",
        "alias": "name",
        "userDefined": true
      }
    ],
    "isTemplate": false,
    "count": 0,
    "lang": "en",
    "updated": 0
  },
  {
    "id": "36755c37-ee66-4111-bc37-b463b74c0a02",
    "data": [
      {
        "text": "show reminders",
        "userDefined": false
      }
    ],
    "isTemplate": false,
    "count": 0,
    "lang": "en",
    "updated": 0
  },
  {
    "id": "82f38b31-77ac-4424-b380-a7ad98e77451",
    "data": [
      {
        "text": "reminders scheduled for ",
        "userDefined": false
      },
      {
        "text": "tomorrow",
        "meta": "@sys.date-time",
        "alias": "date-time",
        "userDefined": false
      }
    ],
    "isTemplate": false,
    "count": 0,
    "lang": "en",
    "updated": 0
  },
  {
    "id": "2b609cbc-bcb6-4726-8876-603d41acc3ba",
    "data": [
      {
        "text": "get",
        "meta": "@sys.ignore",
        "userDefined": false
      },
      {
        "text": " reminders",
        "userDefined": false
      }
    ],
    "isTemplate": false,
    "count": 0,
    "lang": "en",
    "updated": 0
  },
  {
    "id": "e10075a7-bc52-4421-ae6c-5c77c2f13b4b",
    "data": [
      {
        "text": "do you have any reminders for me",
        "userDefined": false
      }
    ],
    "isTemplate": false,
    "count": 0,
    "lang": "en",
    "updated": 0
  },
  {
    "id": "0fac4e1a-f208-45d2-85d0-a8356e932a11",
    "data": [
      {
        "text": "any reminders ",
        "userDefined": false
      },
      {
        "text": "today",
        "meta": "@sys.date-time",
        "alias": "date-time",
        "userDefined": true
      }
    ],
    "isTemplate": false,
    "count": 1,
    "lang": "en",
    "updated": 0
  },
  {
    "id": "233cf194-2198-40a9-a6f6-dab98949f0ed",
    "data": [
      {
        "text": "show me my reminders",
        "userDefined": false
      }
    ],
    "isTemplate": false,
    "count": 0,
    "lang": "en",
    "updated": 0
  },
  {
    "id": "03be28fa-9de9-4777-9bbd-382eff76e79b",
    "data": [
      {
        "text": "show me the reminder",
        "userDefined": false
      }
    ],
    "isTemplate": false,
    "count": 0,
    "lang": "en",
    "updated": 0
  },
  {
    "id": "91b7cbc1-05a3-436b-beb1-c0f59d50613e",
    "data": [
      {
        "text": "so my reminders",
        "userDefined": false
      }
    ],
    "isTemplate": false,
    "count": 0,
    "lang": "en",
    "updated": 0
  },
  {
    "id": "cd64e541-2570-4577-b03b-cd8599d88b5a",
    "data": [
      {
        "text": "remind me to buy some ",
        "userDefined": false
      },
      {
        "text": "milk",
        "meta": "@sys.ignore",
        "userDefined": false
      }
    ],
    "isTemplate": false,
    "count": 0,
    "lang": "en",
    "updated": 0
  },
  {
    "id": "c5747785-ec2a-457b-9e4a-4da47015063e",
    "data": [
      {
        "text": "search for my reminders",
        "userDefined": false
      }
    ],
    "isTemplate": false,
    "count": 0,
    "lang": "en",
    "updated": 0
  },
  {
    "id": "12b97229-0cec-4869-a39c-a8dcd1e8ff70",
    "data": [
      {
        "text": "my reminders",
        "userDefined": false
      }
    ],
    "isTemplate": false,
    "count": 0,
    "lang": "en",
    "updated": 0
  },
  {
    "id": "84181a2b-e0b0-4fea-ad04-7531b8651584",
    "data": [
      {
        "text": "what reminders do I have set",
        "userDefined": false
      }
    ],
    "isTemplate": false,
    "count": 0,
    "lang": "en",
    "updated": 0
  },
  {
    "id": "b79f54cf-305e-4d2d-b1f5-b68b3b909bb1",
    "data": [
      {
        "text": "show me the reminders",
        "userDefined": false
      }
    ],
    "isTemplate": false,
    "count": 0,
    "lang": "en",
    "updated": 0
  },
  {
    "id": "89e4aa5b-47ca-471a-89e5-880096ae20a4",
    "data": [
      {
        "text": "show me a reminder",
        "userDefined": false
      }
    ],
    "isTemplate": false,
    "count": 0,
    "lang": "en",
    "updated": 0
  },
  {
    "id": "7cc3fba7-9c1c-41ab-b50f-043a90f9dbaf",
    "data": [
      {
        "text": "my reminder",
        "userDefined": false
      }
    ],
    "isTemplate": false,
    "count": 0,
    "lang": "en",
    "updated": 0
  },
  {
    "id": "871b99e6-032c-47cc-a43b-bfaf79425277",
    "data": [
      {
        "text": "show me the reminder list",
        "userDefined": false
      }
    ],
    "isTemplate": false,
    "count": 0,
    "lang": "en",
    "updated": 0
  },
  {
    "id": "29a8a981-04bb-4957-9782-3c8cb60dd071",
    "data": [
      {
        "text": "are",
        "meta": "@sys.ignore",
        "userDefined": false
      },
      {
        "text": " you planning to remind me about ",
        "userDefined": false
      },
      {
        "text": "milk",
        "meta": "@sys.any",
        "alias": "name",
        "userDefined": true
      }
    ],
    "isTemplate": false,
    "count": 0,
    "lang": "en",
    "updated": 0
  },
  {
    "id": "37220266-8c45-410f-bd78-74f155b07051",
    "data": [
      {
        "text": "go to reminders list",
        "userDefined": false
      }
    ],
    "isTemplate": false,
    "count": 0,
    "lang": "en",
    "updated": 0
  },
  {
    "id": "47e71d79-6f43-4d19-a837-166684c80cb2",
    "data": [
      {
        "text": "show my reminders for ",
        "userDefined": false
      },
      {
        "text": "tomorrow",
        "meta": "@sys.date-time",
        "alias": "date-time",
        "userDefined": true
      }
    ],
    "isTemplate": false,
    "count": 0,
    "lang": "en",
    "updated": 0
  },
  {
    "id": "3d2988b7-9ec1-4659-9145-62e72efdb8fc",
    "data": [
      {
        "text": "read ",
        "userDefined": false
      },
      {
        "text": "all",
        "meta": "@all",
        "alias": "all",
        "userDefined": true
      },
      {
        "text": " my reminders",
        "userDefined": false
      }
    ],
    "isTemplate": false,
    "count": 0,
    "lang": "en",
    "updated": 0
  },
  {
    "id": "3a718a94-2619-42e3-a0a5-ace1471a40fd",
    "data": [
      {
        "text": "what\u0027s ",
        "userDefined": false
      },
      {
        "text": "on",
        "meta": "@sys.ignore",
        "userDefined": false
      },
      {
        "text": " my reminders list",
        "userDefined": false
      }
    ],
    "isTemplate": false,
    "count": 0,
    "lang": "en",
    "updated": 0
  },
  {
    "id": "683a5786-a06c-4a03-889b-1acb602a6009",
    "data": [
      {
        "text": "find ",
        "userDefined": false
      },
      {
        "text": "all",
        "meta": "@all",
        "alias": "all",
        "userDefined": true
      },
      {
        "text": " reminders",
        "userDefined": false
      }
    ],
    "isTemplate": false,
    "count": 1,
    "lang": "en",
    "updated": 0
  },
  {
    "id": "b27f2ac5-959c-45af-a2b0-a36ee7233166",
    "data": [
      {
        "text": "can you show me ",
        "userDefined": false
      },
      {
        "text": "all",
        "meta": "@all",
        "alias": "all",
        "userDefined": true
      },
      {
        "text": " my reminders",
        "userDefined": false
      }
    ],
    "isTemplate": false,
    "count": 0,
    "lang": "en",
    "updated": 0
  },
  {
    "id": "f9c86bdd-7ac3-408c-91e9-977e4fe9efc7",
    "data": [
      {
        "text": "any reminder for me",
        "userDefined": false
      }
    ],
    "isTemplate": false,
    "count": 0,
    "lang": "en",
    "updated": 0
  },
  {
    "id": "47ad24ec-ee88-4c94-8bcc-d41bbe1e5b0b",
    "data": [
      {
        "text": "what reminders do I have",
        "userDefined": false
      }
    ],
    "isTemplate": false,
    "count": 0,
    "lang": "en",
    "updated": 0
  },
  {
    "id": "24f10ff8-415d-443d-9f4f-b168f7be1e36",
    "data": [
      {
        "text": "view",
        "meta": "@sys.ignore",
        "userDefined": false
      },
      {
        "text": " reminders",
        "userDefined": false
      }
    ],
    "isTemplate": false,
    "count": 0,
    "lang": "en",
    "updated": 0
  },
  {
    "id": "716dd9ab-9362-40fa-9816-a1a4f453caef",
    "data": [
      {
        "text": "do i have any reminders for ",
        "userDefined": false
      },
      {
        "text": "tomorrow",
        "meta": "@sys.date-time",
        "alias": "date-time",
        "userDefined": true
      }
    ],
    "isTemplate": false,
    "count": 1,
    "lang": "en",
    "updated": 0
  },
  {
    "id": "c384984e-2134-49cc-97f3-09a013a41643",
    "data": [
      {
        "text": "read my reminders",
        "userDefined": false
      }
    ],
    "isTemplate": false,
    "count": 0,
    "lang": "en",
    "updated": 0
  },
  {
    "id": "08135266-e75a-4c24-b593-565683138477",
    "data": [
      {
        "text": "what reminders do I have for ",
        "userDefined": false
      },
      {
        "text": "this week",
        "meta": "@sys.date-time",
        "alias": "date-time",
        "userDefined": true
      }
    ],
    "isTemplate": false,
    "count": 0,
    "lang": "en",
    "updated": 0
  },
  {
    "id": "fb75ad5f-a1ba-4f2d-95e5-1d8553eb5cec",
    "data": [
      {
        "text": "are there any reminders for ",
        "userDefined": false
      },
      {
        "text": "jogging",
        "meta": "@sys.any",
        "alias": "name",
        "userDefined": true
      },
      {
        "text": " for ",
        "userDefined": false
      },
      {
        "text": "this morning",
        "meta": "@sys.date-time",
        "alias": "date-time",
        "userDefined": true
      }
    ],
    "isTemplate": false,
    "count": 0,
    "lang": "en",
    "updated": 0
  },
  {
    "id": "b41f0f2c-8406-400a-80c1-6e99238f76f8",
    "data": [
      {
        "text": "when ",
        "userDefined": false
      },
      {
        "text": "will",
        "meta": "@sys.ignore",
        "userDefined": false
      },
      {
        "text": " you remind me",
        "userDefined": false
      }
    ],
    "isTemplate": false,
    "count": 0,
    "lang": "en",
    "updated": 0
  },
  {
    "id": "bb0e8332-84a2-4ea9-b940-6c6d255a08b2",
    "data": [
      {
        "text": "show my reminders about ",
        "userDefined": false
      },
      {
        "text": "cat",
        "meta": "@sys.any",
        "alias": "name",
        "userDefined": true
      }
    ],
    "isTemplate": false,
    "count": 0,
    "lang": "en",
    "updated": 0
  },
  {
    "id": "02fb7476-f741-48c9-a685-6118ec6343f1",
    "data": [
      {
        "text": "the reminder",
        "userDefined": false
      }
    ],
    "isTemplate": false,
    "count": 0,
    "lang": "en",
    "updated": 0
  },
  {
    "id": "3d632d49-eca7-471b-91fc-66dabf4ff102",
    "data": [
      {
        "text": "show me reminder",
        "userDefined": false
      }
    ],
    "isTemplate": false,
    "count": 0,
    "lang": "en",
    "updated": 0
  },
  {
    "id": "f8dacbd6-ee01-49ab-8980-1fecb2b0d306",
    "data": [
      {
        "text": "any reminders for ",
        "userDefined": false
      },
      {
        "text": "today",
        "meta": "@sys.date-time",
        "alias": "date-time",
        "userDefined": false
      }
    ],
    "isTemplate": false,
    "count": 0,
    "lang": "en",
    "updated": 0
  },
  {
    "id": "984e5f95-5cf6-4460-bb89-0262046fd70e",
    "data": [
      {
        "text": "go to my reminders",
        "userDefined": false
      }
    ],
    "isTemplate": false,
    "count": 0,
    "lang": "en",
    "updated": 0
  },
  {
    "id": "546f9622-989e-4e44-a1f1-94f1c5de17cd",
    "data": [
      {
        "text": "all",
        "meta": "@all",
        "alias": "all",
        "userDefined": true
      },
      {
        "text": " reminders",
        "userDefined": false
      }
    ],
    "isTemplate": false,
    "count": 0,
    "lang": "en",
    "updated": 0
  },
  {
    "id": "10167ff8-1b23-426c-a797-9e5d8bd67a6c",
    "data": [
      {
        "text": "reminders for ",
        "userDefined": false
      },
      {
        "text": "8 am",
        "meta": "@sys.date-time",
        "alias": "date-time",
        "userDefined": false
      }
    ],
    "isTemplate": false,
    "count": 0,
    "lang": "en",
    "updated": 0
  },
  {
    "id": "36a3ad16-7c39-43ad-bacc-2255b2816726",
    "data": [
      {
        "text": "show ",
        "userDefined": false
      },
      {
        "text": "daily",
        "meta": "@recurrence",
        "alias": "recurrence",
        "userDefined": true
      },
      {
        "text": " reminders",
        "userDefined": false
      }
    ],
    "isTemplate": false,
    "count": 0,
    "lang": "en",
    "updated": 0
  },
  {
    "id": "f0b22af7-2cb7-4779-8348-d4ef2adbc5a1",
    "data": [
      {
        "text": "search reminders for ",
        "userDefined": false
      },
      {
        "text": "next Tuesday",
        "meta": "@sys.date-time",
        "alias": "date-time",
        "userDefined": true
      }
    ],
    "isTemplate": false,
    "count": 0,
    "lang": "en",
    "updated": 0
  },
  {
    "id": "2a9aa1c1-7f1f-4e99-ac1b-0e505bf99b2a",
    "data": [
      {
        "text": "show me my reminder",
        "userDefined": false
      }
    ],
    "isTemplate": false,
    "count": 0,
    "lang": "en",
    "updated": 0
  },
  {
    "id": "b5120631-328b-46e5-a24a-bcd45ad6897f",
    "data": [
      {
        "text": "what reminders do I have for ",
        "userDefined": false
      },
      {
        "text": "today",
        "meta": "@sys.date-time",
        "alias": "date-time",
        "userDefined": false
      }
    ],
    "isTemplate": false,
    "count": 0,
    "lang": "en",
    "updated": 0
  },
  {
    "id": "2e4b5661-ef52-423d-ade3-280a1599777f",
    "data": [
      {
        "text": "are",
        "meta": "@sys.ignore",
        "userDefined": false
      },
      {
        "text": " you supposed to remind me about something at ",
        "userDefined": false
      },
      {
        "text": "9 am",
        "meta": "@sys.date-time",
        "alias": "date-time",
        "userDefined": false
      }
    ],
    "isTemplate": false,
    "count": 0,
    "lang": "en",
    "updated": 0
  },
  {
    "id": "b4f55827-86c5-4022-b8d8-b344cac77b24",
    "data": [
      {
        "text": "show my reminders",
        "userDefined": false
      }
    ],
    "isTemplate": false,
    "count": 0,
    "lang": "en",
    "updated": 0
  },
  {
    "id": "5b25987b-6b78-4cef-837d-6f0b9a79efc9",
    "data": [
      {
        "text": "show my reminders for ",
        "userDefined": false
      },
      {
        "text": "this week",
        "meta": "@sys.date-time",
        "alias": "date-time",
        "userDefined": true
      }
    ],
    "isTemplate": false,
    "count": 0,
    "lang": "en",
    "updated": 0
  },
  {
    "id": "a8145b94-2d94-4254-b886-b20295c3d60d",
    "data": [
      {
        "text": "show me my ",
        "userDefined": false
      },
      {
        "text": "todays",
        "meta": "@sys.date-time",
        "alias": "date-time",
        "userDefined": true
      },
      {
        "text": " reminders",
        "userDefined": false
      }
    ],
    "isTemplate": false,
    "count": 0,
    "lang": "en",
    "updated": 0
  },
  {
    "id": "04f647a7-67a6-4461-9d80-3275bfc550a6",
    "data": [
      {
        "text": "any reminders for ",
        "userDefined": false
      },
      {
        "text": "this month",
        "meta": "@sys.date-time",
        "alias": "date-time",
        "userDefined": true
      }
    ],
    "isTemplate": false,
    "count": 0,
    "lang": "en",
    "updated": 0
  },
  {
    "id": "99ed765c-b6fb-4ec5-8f6e-30f2fc8b49a6",
    "data": [
      {
        "text": "give",
        "meta": "@sys.ignore",
        "userDefined": false
      },
      {
        "text": " me a reminder",
        "userDefined": false
      }
    ],
    "isTemplate": false,
    "count": 0,
    "lang": "en",
    "updated": 0
  },
  {
    "id": "ec4cdc4d-6124-4ff8-bd29-a9990eb96895",
    "data": [
      {
        "text": "what time is my reminder",
        "userDefined": false
      }
    ],
    "isTemplate": false,
    "count": 0,
    "lang": "en",
    "updated": 0
  },
  {
    "id": "5c5da985-06e7-43c7-aa50-12032ab7a321",
    "data": [
      {
        "text": "can you ",
        "userDefined": false
      },
      {
        "text": "give",
        "meta": "@sys.ignore",
        "userDefined": false
      },
      {
        "text": " me a reminder",
        "userDefined": false
      }
    ],
    "isTemplate": false,
    "count": 0,
    "lang": "en",
    "updated": 0
  },
  {
    "id": "df2edad4-2d9f-4963-a66a-5a1980027bfc",
    "data": [
      {
        "text": "what ",
        "userDefined": false
      },
      {
        "text": "are",
        "meta": "@sys.ignore",
        "userDefined": false
      },
      {
        "text": " my reminders for ",
        "userDefined": false
      },
      {
        "text": "tomorrow",
        "meta": "@sys.date-time",
        "alias": "date-time",
        "userDefined": false
      }
    ],
    "isTemplate": false,
    "count": 0,
    "lang": "en",
    "updated": 0
  },
  {
    "id": "0b6870de-5a5c-4b79-895a-612813af44cd",
    "data": [
      {
        "text": "list my reminders",
        "userDefined": false
      }
    ],
    "isTemplate": false,
    "count": 0,
    "lang": "en",
    "updated": 0
  },
  {
    "id": "4c287845-feae-46db-bd36-662baad58b32",
    "data": [
      {
        "text": "show me reminder list",
        "userDefined": false
      }
    ],
    "isTemplate": false,
    "count": 0,
    "lang": "en",
    "updated": 0
  },
  {
    "id": "0d0f4390-bcee-4e8d-9080-61523102c47f",
    "data": [
      {
        "text": "reminders ",
        "userDefined": false
      },
      {
        "text": "this weekend",
        "meta": "@sys.date-time",
        "alias": "date-time",
        "userDefined": false
      }
    ],
    "isTemplate": false,
    "count": 0,
    "lang": "en",
    "updated": 0
  },
  {
    "id": "ade0561c-42b1-41a0-a743-d595cd5c678c",
    "data": [
      {
        "text": "do I have any reminders about ",
        "userDefined": false
      },
      {
        "text": "dog",
        "meta": "@sys.any",
        "alias": "name",
        "userDefined": true
      }
    ],
    "isTemplate": false,
    "count": 0,
    "lang": "en",
    "updated": 0
  },
  {
    "id": "c0f9abb2-579d-48e1-9f50-a5a615dd77f6",
    "data": [
      {
        "text": "show ",
        "userDefined": false
      },
      {
        "text": "all",
        "meta": "@all",
        "alias": "all",
        "userDefined": true
      },
      {
        "text": " reminders planned for ",
        "userDefined": false
      },
      {
        "text": "work",
        "meta": "@sys.location",
        "alias": "location",
        "userDefined": true
      }
    ],
    "isTemplate": false,
    "count": 0,
    "lang": "en",
    "updated": 0
  },
  {
    "id": "5a78de1a-00f4-4226-ab8a-bd90defe87d5",
    "data": [
      {
        "text": "show reminder",
        "userDefined": false
      }
    ],
    "isTemplate": false,
    "count": 0,
    "lang": "en",
    "updated": 0
  },
  {
    "id": "74530a8f-e051-4ce7-b5e8-948918475b48",
    "data": [
      {
        "text": "show me ",
        "userDefined": false
      },
      {
        "text": "on",
        "meta": "@sys.ignore",
        "userDefined": false
      },
      {
        "text": " my reminders",
        "userDefined": false
      }
    ],
    "isTemplate": false,
    "count": 0,
    "lang": "en",
    "updated": 0
  },
  {
    "id": "d1d579a1-9338-42ca-b02f-1d92af455a71",
    "data": [
      {
        "text": "let me see my reminders",
        "userDefined": false
      }
    ],
    "isTemplate": false,
    "count": 0,
    "lang": "en",
    "updated": 0
  },
  {
    "id": "c60488a0-4e6f-4a03-86c8-50c70528d60c",
    "data": [
      {
        "text": "do I have a reminder ",
        "userDefined": false
      },
      {
        "text": "today",
        "meta": "@sys.date-time",
        "alias": "date-time",
        "userDefined": false
      }
    ],
    "isTemplate": false,
    "count": 0,
    "lang": "en",
    "updated": 0
  },
  {
    "id": "989383b0-fae7-451c-b9c7-5ef02bbbe705",
    "data": [
      {
        "text": "what about reminders",
        "userDefined": false
      }
    ],
    "isTemplate": false,
    "count": 0,
    "lang": "en",
    "updated": 0
  },
  {
    "id": "5469e59d-4646-41b2-a973-36b4d59c802d",
    "data": [
      {
        "text": "any reminders",
        "userDefined": false
      }
    ],
    "isTemplate": false,
    "count": 0,
    "lang": "en",
    "updated": 0
  },
  {
    "id": "64c2529f-3c8e-474e-82aa-4d19a0c74f93",
    "data": [
      {
        "text": "go to reminders",
        "userDefined": false
      }
    ],
    "isTemplate": false,
    "count": 0,
    "lang": "en",
    "updated": 0
  },
  {
    "id": "f8eb94f9-e0e5-45d8-96e7-ee3fb8ec413d",
    "data": [
      {
        "text": "any reminders for location ",
        "userDefined": false
      },
      {
        "text": "443 Waverley Street Palo Alto",
        "meta": "@sys.location",
        "alias": "location",
        "userDefined": true
      }
    ],
    "isTemplate": false,
    "count": 0,
    "lang": "en",
    "updated": 0
  },
  {
    "id": "f9201029-5f90-4c00-bff8-cc289e93976c",
    "data": [
      {
        "text": "can you show me my reminders",
        "userDefined": false
      }
    ],
    "isTemplate": false,
    "count": 0,
    "lang": "en",
    "updated": 0
  },
  {
    "id": "0ec75581-c0a6-425c-9ff6-62247717ca28",
    "data": [
      {
        "text": "show me my reminders please",
        "userDefined": false
      }
    ],
    "isTemplate": false,
    "count": 0,
    "lang": "en",
    "updated": 0
  },
  {
    "id": "66fadea3-b630-477b-ac6e-a35bc8ac7b30",
    "data": [
      {
        "text": "show me a list ",
        "userDefined": false
      },
      {
        "text": "of",
        "meta": "@sys.ignore",
        "userDefined": false
      },
      {
        "text": " my reminders",
        "userDefined": false
      }
    ],
    "isTemplate": false,
    "count": 0,
    "lang": "en",
    "updated": 0
  },
  {
    "id": "b170925a-dc27-4d15-9e09-7f8e65dce6a7",
    "data": [
      {
        "text": "get",
        "meta": "@sys.ignore",
        "userDefined": false
      },
      {
        "text": " reminders called ",
        "userDefined": false
      },
      {
        "text": "dog",
        "meta": "@sys.any",
        "alias": "name",
        "userDefined": true
      }
    ],
    "isTemplate": false,
    "count": 0,
    "lang": "en",
    "updated": 0
  },
  {
    "id": "25363912-82a4-4d8c-bef3-3b6e4dba34b4",
    "data": [
      {
        "text": "get me my ",
        "userDefined": false
      },
      {
        "text": "evening",
        "meta": "@sys.date-time",
        "alias": "date-time",
        "userDefined": true
      },
      {
        "text": " reminders",
        "userDefined": false
      }
    ],
    "isTemplate": false,
    "count": 0,
    "lang": "en",
    "updated": 0
  },
  {
    "id": "6e19778b-1943-493a-84d5-1fcb26ef080e",
    "data": [
      {
        "text": "check reminder",
        "userDefined": false
      }
    ],
    "isTemplate": false,
    "count": 0,
    "lang": "en",
    "updated": 0
  },
  {
    "id": "594d8e47-1981-4f2b-a8e1-5b9ce4740988",
    "data": [
      {
        "text": "check reminders",
        "userDefined": false
      }
    ],
    "isTemplate": false,
    "count": 0,
    "lang": "en",
    "updated": 0
  },
  {
    "id": "028540fb-7590-47ca-8cd6-7a6cd4a145ca",
    "data": [
      {
        "text": "what are my reminders",
        "userDefined": false
      }
    ],
    "isTemplate": false,
    "count": 0,
    "lang": "en",
    "updated": 0
  },
  {
    "id": "35894848-7d30-4dc2-b822-98d4cf2e9e49",
    "data": [
      {
        "text": "reminders for ",
        "userDefined": false
      },
      {
        "text": "tomorrow",
        "meta": "@sys.date-time",
        "alias": "date-time",
        "userDefined": false
      }
    ],
    "isTemplate": false,
    "count": 0,
    "lang": "en",
    "updated": 0
  },
  {
    "id": "c1938530-dc24-4701-bc4f-98fa87e33cba",
    "data": [
      {
        "text": "please show me my reminders",
        "userDefined": false
      }
    ],
    "isTemplate": false,
    "count": 0,
    "lang": "en",
    "updated": 0
  },
  {
    "id": "4a572d22-e289-43c9-9c0e-395d1523ff4c",
    "data": [
      {
        "text": "show me my reminders\u0027 list",
        "userDefined": false
      }
    ],
    "isTemplate": false,
    "count": 0,
    "lang": "en",
    "updated": 0
  },
  {
    "id": "a1a95f48-1cbe-4c0f-94b6-d773fc9a7d97",
    "data": [
      {
        "text": "what ",
        "userDefined": false
      },
      {
        "text": "are",
        "meta": "@sys.ignore",
        "userDefined": false
      },
      {
        "text": " the reminders",
        "userDefined": false
      }
    ],
    "isTemplate": false,
    "count": 0,
    "lang": "en",
    "updated": 0
  },
  {
    "id": "c383dd71-c60d-4ae7-8298-c125eae99e14",
    "data": [
      {
        "text": "are",
        "meta": "@sys.ignore",
        "userDefined": false
      },
      {
        "text": " you supposed to remind me about something ",
        "userDefined": false
      },
      {
        "text": "every Thursday",
        "meta": "@recurrence",
        "alias": "recurrence",
        "userDefined": false
      }
    ],
    "isTemplate": false,
    "count": 0,
    "lang": "en",
    "updated": 0
  },
  {
    "id": "6b431b67-f29a-4916-8929-61a6eefda44a",
    "data": [
      {
        "text": "read reminders",
        "userDefined": false
      }
    ],
    "isTemplate": false,
    "count": 0,
    "lang": "en",
    "updated": 0
  },
  {
    "id": "872c3c1d-ff32-4f6b-9381-439a2d566956",
    "data": [
      {
        "text": "tell me my reminders",
        "userDefined": false
      }
    ],
    "isTemplate": false,
    "count": 0,
    "lang": "en",
    "updated": 0
  },
  {
    "id": "9ab3f1b5-275b-4885-8925-d4aa5757caa9",
    "data": [
      {
        "text": "display reminders",
        "userDefined": false
      }
    ],
    "isTemplate": false,
    "count": 0,
    "lang": "en",
    "updated": 0
  },
  {
    "id": "c4813b4b-e6dc-4792-8be1-6f93d8fb65e9",
    "data": [
      {
        "text": "do you have a reminder for me",
        "userDefined": false
      }
    ],
    "isTemplate": false,
    "count": 0,
    "lang": "en",
    "updated": 0
  },
  {
    "id": "7bbeae44-7835-4c54-8573-358bb0cf5b48",
    "data": [
      {
        "text": "show me ",
        "userDefined": false
      },
      {
        "text": "all",
        "meta": "@all",
        "alias": "all",
        "userDefined": true
      },
      {
        "text": " the reminders",
        "userDefined": false
      }
    ],
    "isTemplate": false,
    "count": 0,
    "lang": "en",
    "updated": 0
  },
  {
    "id": "f5f9e629-6a2f-488c-b3ea-351ffb72dfff",
    "data": [
      {
        "text": "show me ",
        "userDefined": false
      },
      {
        "text": "today\u0027s",
        "meta": "@sys.date-time",
        "alias": "date-time",
        "userDefined": false
      },
      {
        "text": " reminders",
        "userDefined": false
      }
    ],
    "isTemplate": false,
    "count": 0,
    "lang": "en",
    "updated": 0
  },
  {
    "id": "aa428703-04e7-4dae-a1b1-297da4e3f91b",
    "data": [
      {
        "text": "what time ",
        "userDefined": false
      },
      {
        "text": "will",
        "meta": "@sys.ignore",
        "userDefined": false
      },
      {
        "text": " you remind me",
        "userDefined": false
      }
    ],
    "isTemplate": false,
    "count": 0,
    "lang": "en",
    "updated": 0
  },
  {
    "id": "da9e9fbf-3ed2-45f8-a4d6-cc99b3b445b0",
    "data": [
      {
        "text": "when is my reminder",
        "userDefined": false
      }
    ],
    "isTemplate": false,
    "count": 0,
    "lang": "en",
    "updated": 0
  },
  {
    "id": "092305c5-6a4b-4386-a501-3a1fe2ab9136",
    "data": [
      {
        "text": "read reminder",
        "userDefined": false
      }
    ],
    "isTemplate": false,
    "count": 0,
    "lang": "en",
    "updated": 0
  },
  {
    "id": "d7ad4cea-d0a6-42a0-ae2b-dc37cbc6f369",
    "data": [
      {
        "text": "find reminder",
        "userDefined": false
      }
    ],
    "isTemplate": false,
    "count": 0,
    "lang": "en",
    "updated": 0
  },
  {
    "id": "b9735be2-f17e-4be6-b1a9-7d9dec5a25c5",
    "data": [
      {
        "text": "reminders scheduled for ",
        "userDefined": false
      },
      {
        "text": "10 October",
        "meta": "@sys.date-time",
        "alias": "date-time",
        "userDefined": false
      }
    ],
    "isTemplate": false,
    "count": 0,
    "lang": "en",
    "updated": 0
  },
  {
    "id": "0964e4e6-bfcb-42df-aab8-06e481f79544",
    "data": [
      {
        "text": "read reminder out loud",
        "userDefined": false
      }
    ],
    "isTemplate": false,
    "count": 0,
    "lang": "en",
    "updated": 0
  },
  {
    "id": "8bd4911b-f5ff-409e-8e09-bc747f869be4",
    "data": [
      {
        "text": "open",
        "meta": "@sys.ignore",
        "userDefined": false
      },
      {
        "text": " reminders",
        "userDefined": false
      }
    ],
    "isTemplate": false,
    "count": 0,
    "lang": "en",
    "updated": 0
  },
  {
    "id": "677a70fa-dbf7-4469-8932-cbcdf5cc7e25",
    "data": [
      {
        "text": "show ",
        "userDefined": false
      },
      {
        "text": "all",
        "meta": "@all",
        "alias": "all",
        "userDefined": true
      },
      {
        "text": " reminders about ",
        "userDefined": false
      },
      {
        "text": "fitness",
        "meta": "@sys.any",
        "alias": "name",
        "userDefined": true
      }
    ],
    "isTemplate": false,
    "count": 0,
    "lang": "en",
    "updated": 0
  },
  {
    "id": "0127cb65-a832-4a16-9727-f43165b908ba",
    "data": [
      {
        "text": "do you have any reminders for me for ",
        "userDefined": false
      },
      {
        "text": "today",
        "meta": "@sys.date-time",
        "alias": "date-time",
        "userDefined": true
      }
    ],
    "isTemplate": false,
    "count": 0,
    "lang": "en",
    "updated": 0
  },
  {
    "id": "727df31c-34c2-4201-a2d0-de9fa7f4791a",
    "data": [
      {
        "text": "review reminders",
        "userDefined": false
      }
    ],
    "isTemplate": false,
    "count": 0,
    "lang": "en",
    "updated": 0
  },
  {
    "id": "e847fd38-d215-4ca3-a33b-9af6afaaab6e",
    "data": [
      {
        "text": "open",
        "meta": "@sys.ignore",
        "userDefined": false
      },
      {
        "text": " reminder",
        "userDefined": false
      }
    ],
    "isTemplate": false,
    "count": 0,
    "lang": "en",
    "updated": 0
  },
  {
    "id": "3af4b65a-4045-421e-bd33-aeb803438366",
    "data": [
      {
        "text": "what\u0027s the reminder",
        "userDefined": false
      }
    ],
    "isTemplate": false,
    "count": 0,
    "lang": "en",
    "updated": 0
  },
  {
    "id": "0dd0764a-17f6-4d56-9cc1-6c32ab93efad",
    "data": [
      {
        "text": "show my reminders list",
        "userDefined": false
      }
    ],
    "isTemplate": false,
    "count": 0,
    "lang": "en",
    "updated": 0
  },
  {
    "id": "a4137e76-7cd3-4dd9-8b61-73c8b9bd30b5",
    "data": [
      {
        "text": "pull up my reminders",
        "userDefined": false
      }
    ],
    "isTemplate": false,
    "count": 0,
    "lang": "en",
    "updated": 0
  },
  {
    "id": "f3c5d3ba-1c3d-4411-ad1f-fdbce17b193d",
    "data": [
      {
        "text": "reminders scheduled for when i ",
        "userDefined": false
      },
      {
        "text": "come",
        "meta": "@sys.ignore",
        "userDefined": false
      },
      {
        "text": " ",
        "userDefined": false
      },
      {
        "text": "home",
        "meta": "@sys.location",
        "alias": "location",
        "userDefined": false
      }
    ],
    "isTemplate": false,
    "count": 0,
    "lang": "en",
    "updated": 0
  },
  {
    "id": "0f80d685-5225-4cbf-bd76-6d53538ab5b4",
    "data": [
      {
        "text": "what ",
        "userDefined": false
      },
      {
        "text": "are",
        "meta": "@sys.ignore",
        "userDefined": false
      },
      {
        "text": " my reminders",
        "userDefined": false
      }
    ],
    "isTemplate": false,
    "count": 0,
    "lang": "en",
    "updated": 0
  },
  {
    "id": "89a3c376-b5ca-4780-a4b4-597cce5a37df",
    "data": [
      {
        "text": "are",
        "meta": "@sys.ignore",
        "userDefined": false
      },
      {
        "text": " there any reminders",
        "userDefined": false
      }
    ],
    "isTemplate": false,
    "count": 0,
    "lang": "en",
    "updated": 0
  },
  {
    "id": "1ff28532-cee9-475d-8afe-e7e72d397963",
    "data": [
      {
        "text": "any reminders for ",
        "userDefined": false
      },
      {
        "text": "tomorrow",
        "meta": "@sys.date-time",
        "alias": "date-time",
        "userDefined": false
      }
    ],
    "isTemplate": false,
    "count": 0,
    "lang": "en",
    "updated": 0
  },
  {
    "id": "773cd551-8a4c-447c-8393-dcf464cb050b",
    "data": [
      {
        "text": "can you show my reminders",
        "userDefined": false
      }
    ],
    "isTemplate": false,
    "count": 0,
    "lang": "en",
    "updated": 0
  },
  {
    "id": "3abbf241-a50f-4993-a1d1-0a2f8f79991c",
    "data": [
      {
        "text": "reminders with title ",
        "userDefined": false
      },
      {
        "text": "dog",
        "meta": "@sys.any",
        "alias": "name",
        "userDefined": true
      },
      {
        "text": " for ",
        "userDefined": false
      },
      {
        "text": "tomorrow",
        "meta": "@sys.date-time",
        "alias": "date-time",
        "userDefined": false
      }
    ],
    "isTemplate": false,
    "count": 0,
    "lang": "en",
    "updated": 0
  }
]