[
  {
    "id": "e1225412-2234-4261-89ef-641870a77eae",
    "data": [
      {
        "text": "what\u0027",
        "userDefined": false
      },
      {
        "text": "s",
        "meta": "@sys.ignore",
        "userDefined": true
      },
      {
        "text": " the ",
        "userDefined": false
      },
      {
        "text": "time",
        "meta": "@sys.ignore",
        "userDefined": true
      },
      {
        "text": " difference between ",
        "userDefined": false
      },
      {
        "text": "COT",
        "meta": "@sys.ignore",
        "userDefined": true
      },
      {
        "text": " and ",
        "userDefined": false
      },
      {
        "text": "AFT",
        "meta": "@sys.ignore",
        "userDefined": true
      }
    ],
    "isTemplate": false,
    "count": 0,
    "lang": "en",
    "updated": 0
  },
  {
    "id": "69860f9d-9586-44ec-860f-e297ca728026",
    "data": [
      {
        "text": "time difference",
        "userDefined": false
      }
    ],
    "isTemplate": false,
    "count": 0,
    "lang": "en",
    "updated": 0
  },
  {
    "id": "7e106faf-994c-42b5-8e4f-89129ccca9ae",
    "data": [
      {
        "text": "tell me the time difference between ",
        "userDefined": false
      },
      {
        "text": "Amsterdam",
        "meta": "@sys.location",
        "alias": "location-1",
        "userDefined": true
      },
      {
        "text": " and ",
        "userDefined": false
      },
      {
        "text": "London",
        "meta": "@sys.location",
        "alias": "location-2",
        "userDefined": true
      }
    ],
    "isTemplate": false,
    "count": 0,
    "lang": "en",
    "updated": 0
  },
  {
    "id": "91322e5d-5f2d-4c58-80a7-518aefca6258",
    "data": [
      {
        "text": "check time difference between ",
        "userDefined": false
      },
      {
        "text": "cities",
        "meta": "@sys.ignore",
        "userDefined": false
      }
    ],
    "isTemplate": false,
    "count": 0,
    "lang": "en",
    "updated": 0
  },
  {
    "id": "8f9f95ba-eb6b-49b6-843a-3d60d9b2722f",
    "data": [
      {
        "text": "find time difference for ",
        "userDefined": false
      },
      {
        "text": "me",
        "meta": "@sys.ignore",
        "userDefined": false
      }
    ],
    "isTemplate": false,
    "count": 0,
    "lang": "en",
    "updated": 0
  },
  {
    "id": "a9e7e578-2e5f-4c74-bfb0-93855502a773",
    "data": [
      {
        "text": "tell ",
        "userDefined": false
      },
      {
        "text": "me",
        "meta": "@sys.ignore",
        "userDefined": true
      },
      {
        "text": " ",
        "userDefined": false
      },
      {
        "text": "time",
        "meta": "@sys.ignore",
        "userDefined": true
      },
      {
        "text": " difference between ",
        "userDefined": false
      },
      {
        "text": "Singapore",
        "meta": "@sys.location",
        "alias": "location-1",
        "userDefined": true
      },
      {
        "text": " and ",
        "userDefined": false
      },
      {
        "text": "Munich",
        "meta": "@sys.location",
        "alias": "location-2",
        "userDefined": true
      }
    ],
    "isTemplate": false,
    "count": 0,
    "lang": "en",
    "updated": 0
  },
  {
    "id": "5bc07475-57f1-4ac6-a70e-9b5e8e49bf83",
    "data": [
      {
        "text": "time difference ",
        "userDefined": false
      },
      {
        "text": "Tokyo",
        "meta": "@sys.location",
        "alias": "location-1",
        "userDefined": true
      },
      {
        "text": " and ",
        "userDefined": false
      },
      {
        "text": "New York",
        "meta": "@sys.location",
        "alias": "location-2",
        "userDefined": true
      }
    ],
    "isTemplate": false,
    "count": 0,
    "lang": "en",
    "updated": 0
  },
  {
    "id": "faf802a9-de68-438a-8356-1b6558c5a03b",
    "data": [
      {
        "text": "time difference between ",
        "userDefined": false
      },
      {
        "text": "Moscow",
        "meta": "@sys.location",
        "alias": "location-1",
        "userDefined": true
      },
      {
        "text": " and ",
        "userDefined": false
      },
      {
        "text": "London",
        "meta": "@sys.location",
        "alias": "location-2",
        "userDefined": true
      }
    ],
    "isTemplate": false,
    "count": 0,
    "lang": "en",
    "updated": 0
  },
  {
    "id": "6b391ed1-d721-417b-af54-cd2a9cd97f94",
    "data": [
      {
        "text": "can you show what\u0027s the time difference between ",
        "userDefined": false
      },
      {
        "text": "COT",
        "meta": "@sys.ignore",
        "userDefined": true
      },
      {
        "text": " and ",
        "userDefined": false
      },
      {
        "text": "AFT",
        "meta": "@sys.ignore",
        "userDefined": true
      }
    ],
    "isTemplate": false,
    "count": 0,
    "lang": "en",
    "updated": 0
  },
  {
    "id": "4693c7f4-a337-4bdb-b828-e8e99014908b",
    "data": [
      {
        "text": "how ",
        "userDefined": false
      },
      {
        "text": "many",
        "meta": "@sys.ignore",
        "userDefined": true
      },
      {
        "text": " ",
        "userDefined": false
      },
      {
        "text": "hours",
        "meta": "@sys.ignore",
        "userDefined": true
      },
      {
        "text": " between ",
        "userDefined": false
      },
      {
        "text": "PST",
        "meta": "@sys.ignore",
        "userDefined": true
      },
      {
        "text": " and ",
        "userDefined": false
      },
      {
        "text": "UTC",
        "meta": "@sys.ignore",
        "userDefined": true
      }
    ],
    "isTemplate": false,
    "count": 0,
    "lang": "en",
    "updated": 0
  },
  {
    "id": "1c68b126-e49d-4286-a925-8133f7cc69ff",
    "data": [
      {
        "text": "can",
        "meta": "@sys.ignore",
        "userDefined": false
      },
      {
        "text": " you find time difference between locations",
        "userDefined": false
      }
    ],
    "isTemplate": false,
    "count": 0,
    "lang": "en",
    "updated": 0
  },
  {
    "id": "a80e70de-ceef-408f-a663-0f9e2a7ca557",
    "data": [
      {
        "text": "Dresden",
        "meta": "@sys.location",
        "alias": "location-1",
        "userDefined": true
      },
      {
        "text": " and ",
        "userDefined": false
      },
      {
        "text": "New York",
        "meta": "@sys.location",
        "alias": "location-2",
        "userDefined": true
      },
      {
        "text": " time difference",
        "userDefined": false
      }
    ],
    "isTemplate": false,
    "count": 0,
    "lang": "en",
    "updated": 0
  },
  {
    "id": "c80c538d-a88e-4e3d-aab4-2e7476c200ad",
    "data": [
      {
        "text": "find time difference ",
        "userDefined": false
      },
      {
        "text": "Paris",
        "meta": "@sys.location",
        "alias": "location-1",
        "userDefined": true
      },
      {
        "text": " ",
        "userDefined": false
      },
      {
        "text": "Milan",
        "meta": "@sys.location",
        "alias": "location-2",
        "userDefined": true
      }
    ],
    "isTemplate": false,
    "count": 0,
    "lang": "en",
    "updated": 0
  },
  {
    "id": "59462ddc-4e0a-4ceb-b2eb-f19064d46a54",
    "data": [
      {
        "text": "check time difference",
        "userDefined": false
      }
    ],
    "isTemplate": false,
    "count": 0,
    "lang": "en",
    "updated": 0
  },
  {
    "id": "4025c108-80ae-47da-a6b3-9fd31868746b",
    "data": [
      {
        "text": " show what\u0027s the time difference between time zones",
        "userDefined": false
      }
    ],
    "isTemplate": false,
    "count": 0,
    "lang": "en",
    "updated": 0
  },
  {
    "id": "c943eefe-459b-4341-b880-e0db9c7a6e2a",
    "data": [
      {
        "text": "how ",
        "userDefined": false
      },
      {
        "text": "many",
        "meta": "@sys.ignore",
        "userDefined": true
      },
      {
        "text": " ",
        "userDefined": false
      },
      {
        "text": "hours",
        "meta": "@sys.ignore",
        "userDefined": true
      },
      {
        "text": " is ",
        "userDefined": false
      },
      {
        "text": "it",
        "meta": "@sys.ignore",
        "userDefined": true
      },
      {
        "text": " between ",
        "userDefined": false
      },
      {
        "text": "PST",
        "meta": "@sys.ignore",
        "userDefined": true
      },
      {
        "text": " and ",
        "userDefined": false
      },
      {
        "text": "UTC",
        "meta": "@sys.ignore",
        "userDefined": true
      }
    ],
    "isTemplate": false,
    "count": 0,
    "lang": "en",
    "updated": 0
  },
  {
    "id": "6158bfc3-8c42-4174-8195-0d27747f3fb3",
    "data": [
      {
        "text": "what is the time difference between ",
        "userDefined": false
      },
      {
        "text": "Tokyo",
        "meta": "@sys.location",
        "alias": "location-1",
        "userDefined": true
      },
      {
        "text": " and ",
        "userDefined": false
      },
      {
        "text": "Berlin",
        "meta": "@sys.location",
        "alias": "location-2",
        "userDefined": true
      }
    ],
    "isTemplate": false,
    "count": 0,
    "lang": "en",
    "updated": 0
  }
]