[
  {
    "id": "693482f5-c9d0-40a6-bf21-1178b43214e2",
    "data": [
      {
        "text": "lbs",
        "meta": "@unit",
        "alias": "unit-from",
        "userDefined": true
      },
      {
        "text": " in ",
        "userDefined": false
      },
      {
        "text": "kilos",
        "meta": "@unit",
        "alias": "unit-to",
        "userDefined": true
      }
    ],
    "isTemplate": false,
    "count": 0,
    "lang": "en",
    "updated": 0
  },
  {
    "id": "90aecf01-b9bd-409b-aa9b-cfc53b44a96d",
    "data": [
      {
        "text": "kilograms",
        "meta": "@unit",
        "alias": "unit-from",
        "userDefined": true
      },
      {
        "text": " into ",
        "userDefined": false
      },
      {
        "text": "pounds",
        "meta": "@unit",
        "alias": "unit-to",
        "userDefined": true
      }
    ],
    "isTemplate": false,
    "count": 0,
    "lang": "en",
    "updated": 0
  },
  {
    "id": "fe603632-4edb-4e29-b3cf-09d9dea9956a",
    "data": [
      {
        "text": "change ",
        "userDefined": false
      },
      {
        "text": "50",
        "meta": "@sys.number",
        "alias": "amount",
        "userDefined": true
      },
      {
        "text": " ",
        "userDefined": false
      },
      {
        "text": "kg",
        "meta": "@unit",
        "alias": "unit-from",
        "userDefined": true
      },
      {
        "text": " into ",
        "userDefined": false
      },
      {
        "text": "pounds",
        "meta": "@unit",
        "alias": "unit-to",
        "userDefined": true
      }
    ],
    "isTemplate": false,
    "count": 0,
    "lang": "en",
    "updated": 0
  },
  {
    "id": "752a0e8c-0d13-4161-a832-466d0caf3b97",
    "data": [
      {
        "text": "can you convert ",
        "userDefined": false
      },
      {
        "text": "2",
        "meta": "@sys.number",
        "alias": "amount",
        "userDefined": true
      },
      {
        "text": " ",
        "userDefined": false
      },
      {
        "text": "miles",
        "meta": "@unit",
        "alias": "unit-from",
        "userDefined": true
      },
      {
        "text": " to ",
        "userDefined": false
      },
      {
        "text": "kilometers",
        "meta": "@unit",
        "alias": "unit-to",
        "userDefined": true
      }
    ],
    "isTemplate": false,
    "count": 0,
    "lang": "en",
    "updated": 0
  },
  {
    "id": "01b14792-08d4-4acf-aec5-06df073a35ec",
    "data": [
      {
        "text": "convert ",
        "userDefined": false
      },
      {
        "text": "1",
        "meta": "@sys.number",
        "alias": "amount",
        "userDefined": true
      },
      {
        "text": " ",
        "userDefined": false
      },
      {
        "text": "bit",
        "meta": "@unit",
        "alias": "unit-from",
        "userDefined": true
      },
      {
        "text": " into ",
        "userDefined": false
      },
      {
        "text": "bytes",
        "meta": "@unit",
        "alias": "unit-to",
        "userDefined": true
      }
    ],
    "isTemplate": false,
    "count": 0,
    "lang": "en",
    "updated": 0
  },
  {
    "id": "d8dad56b-aaa8-476b-9ba8-367bb110ea23",
    "data": [
      {
        "text": "how many ",
        "userDefined": false
      },
      {
        "text": "feet",
        "meta": "@unit",
        "alias": "unit-to",
        "userDefined": true
      },
      {
        "text": " are in a ",
        "userDefined": false
      },
      {
        "text": "kilometer",
        "meta": "@unit",
        "alias": "unit-from",
        "userDefined": true
      }
    ],
    "isTemplate": false,
    "count": 0,
    "lang": "en",
    "updated": 0
  },
  {
    "id": "180607d9-f6b6-45ae-9871-a0c3cb811bf3",
    "data": [
      {
        "text": "how many ",
        "userDefined": false
      },
      {
        "text": "liters",
        "meta": "@unit",
        "alias": "unit-to",
        "userDefined": true
      },
      {
        "text": " of water are in ",
        "userDefined": false
      },
      {
        "text": "1",
        "meta": "@sys.number",
        "alias": "amount",
        "userDefined": true
      },
      {
        "text": " ",
        "userDefined": false
      },
      {
        "text": "gallon",
        "meta": "@unit",
        "alias": "unit-from",
        "userDefined": true
      },
      {
        "text": " of water",
        "userDefined": false
      }
    ],
    "isTemplate": false,
    "count": 0,
    "lang": "en",
    "updated": 0
  },
  {
    "id": "b6d323d5-ffad-4dbd-8179-7d3a7967616d",
    "data": [
      {
        "text": "330 000",
        "meta": "@sys.number",
        "alias": "amount",
        "userDefined": true
      },
      {
        "text": " ",
        "userDefined": false
      },
      {
        "text": "bytes",
        "meta": "@unit",
        "alias": "unit-from",
        "userDefined": true
      },
      {
        "text": " equals how ",
        "userDefined": false
      },
      {
        "text": "many",
        "meta": "@sys.ignore",
        "userDefined": true
      },
      {
        "text": " ",
        "userDefined": false
      },
      {
        "text": "gigabytes",
        "meta": "@unit",
        "alias": "unit-to",
        "userDefined": true
      }
    ],
    "isTemplate": false,
    "count": 0,
    "lang": "en",
    "updated": 0
  },
  {
    "id": "2854a3d1-0606-4b26-8585-9ababf56ffe4",
    "data": [
      {
        "text": "convert",
        "meta": "@sys.ignore",
        "userDefined": true
      },
      {
        "text": " ",
        "userDefined": false
      },
      {
        "text": "4",
        "meta": "@sys.number",
        "alias": "amount",
        "userDefined": true
      },
      {
        "text": " ",
        "userDefined": false
      },
      {
        "text": "kilograms",
        "meta": "@unit",
        "alias": "unit-from",
        "userDefined": true
      },
      {
        "text": " to ",
        "userDefined": false
      },
      {
        "text": "pounds",
        "meta": "@unit",
        "alias": "unit-to",
        "userDefined": true
      }
    ],
    "isTemplate": false,
    "count": 0,
    "lang": "en",
    "updated": 0
  },
  {
    "id": "6377a5e3-a247-4bef-ac08-ce1c20d8a55e",
    "data": [
      {
        "text": "how ",
        "userDefined": false
      },
      {
        "text": "many",
        "meta": "@sys.ignore",
        "userDefined": true
      },
      {
        "text": " ",
        "userDefined": false
      },
      {
        "text": "square feet",
        "meta": "@unit",
        "alias": "unit-to",
        "userDefined": true
      },
      {
        "text": " is in an ",
        "userDefined": false
      },
      {
        "text": "acre",
        "meta": "@unit",
        "alias": "unit-from",
        "userDefined": true
      }
    ],
    "isTemplate": false,
    "count": 0,
    "lang": "en",
    "updated": 0
  },
  {
    "id": "7141b2ef-56fa-435c-9ef8-47cfd0a06db6",
    "data": [
      {
        "text": "what s ",
        "userDefined": false
      },
      {
        "text": "150",
        "meta": "@sys.number",
        "alias": "amount",
        "userDefined": true
      },
      {
        "text": " ",
        "userDefined": false
      },
      {
        "text": "miles",
        "meta": "@unit",
        "alias": "unit-from",
        "userDefined": true
      },
      {
        "text": " in ",
        "userDefined": false
      },
      {
        "text": "kilometers",
        "meta": "@unit",
        "alias": "unit-to",
        "userDefined": true
      }
    ],
    "isTemplate": false,
    "count": 1,
    "lang": "en",
    "updated": 0
  },
  {
    "id": "af27b302-300c-4b32-94f2-49296885e813",
    "data": [
      {
        "text": "what\u0027s ",
        "userDefined": false
      },
      {
        "text": "3",
        "meta": "@sys.number",
        "alias": "amount",
        "userDefined": true
      },
      {
        "text": " ",
        "userDefined": false
      },
      {
        "text": "meters",
        "meta": "@unit",
        "alias": "unit-from",
        "userDefined": true
      },
      {
        "text": " in ",
        "userDefined": false
      },
      {
        "text": "kilometers",
        "meta": "@unit",
        "alias": "unit-to",
        "userDefined": true
      }
    ],
    "isTemplate": false,
    "count": 0,
    "lang": "en",
    "updated": 0
  },
  {
    "id": "8999124c-e8d5-4b4d-9103-0af05cb2adab",
    "data": [
      {
        "text": "how ",
        "userDefined": false
      },
      {
        "text": "many",
        "meta": "@sys.ignore",
        "userDefined": true
      },
      {
        "text": " ",
        "userDefined": false
      },
      {
        "text": "square feet",
        "meta": "@unit",
        "alias": "unit-to",
        "userDefined": true
      },
      {
        "text": " is ",
        "userDefined": false
      },
      {
        "text": "600",
        "meta": "@sys.number",
        "alias": "amount",
        "userDefined": true
      },
      {
        "text": " ",
        "userDefined": false
      },
      {
        "text": "acres",
        "meta": "@unit",
        "alias": "unit-from",
        "userDefined": true
      }
    ],
    "isTemplate": false,
    "count": 0,
    "lang": "en",
    "updated": 0
  },
  {
    "id": "a4cee742-0012-4fee-a078-ee4b895d4124",
    "data": [
      {
        "text": "how many ",
        "userDefined": false
      },
      {
        "text": "ounces",
        "meta": "@unit",
        "alias": "unit-to",
        "userDefined": true
      },
      {
        "text": " are in a ",
        "userDefined": false
      },
      {
        "text": "cup",
        "meta": "@unit",
        "alias": "unit-from",
        "userDefined": true
      }
    ],
    "isTemplate": false,
    "count": 0,
    "lang": "en",
    "updated": 0
  },
  {
    "id": "161d82af-26da-427d-9a60-7f79fa6dfbfc",
    "data": [
      {
        "text": "100 144",
        "meta": "@sys.number",
        "alias": "amount",
        "userDefined": false
      },
      {
        "text": " ",
        "userDefined": false
      },
      {
        "text": "kilograms",
        "meta": "@unit",
        "alias": "unit-from",
        "userDefined": false
      },
      {
        "text": " to ",
        "userDefined": false
      },
      {
        "text": "pounds",
        "meta": "@unit",
        "alias": "unit-to",
        "userDefined": false
      }
    ],
    "isTemplate": false,
    "count": 0,
    "lang": "en",
    "updated": 0
  },
  {
    "id": "0a3d54e7-7e0d-4011-8023-96ed3d0c7873",
    "data": [
      {
        "text": "convert ",
        "userDefined": false
      },
      {
        "text": "tablespoons",
        "meta": "@unit",
        "alias": "unit-from",
        "userDefined": true
      },
      {
        "text": " to ",
        "userDefined": false
      },
      {
        "text": "teaspoons",
        "meta": "@unit",
        "alias": "unit-to",
        "userDefined": true
      }
    ],
    "isTemplate": false,
    "count": 0,
    "lang": "en",
    "updated": 0
  },
  {
    "id": "e35856fa-cd16-4bfd-83d0-d18e1057105c",
    "data": [
      {
        "text": "convert ",
        "userDefined": false
      },
      {
        "text": "kilometers",
        "meta": "@unit",
        "alias": "unit-from",
        "userDefined": false
      },
      {
        "text": " into ",
        "userDefined": false
      },
      {
        "text": "miles",
        "meta": "@unit",
        "alias": "unit-to",
        "userDefined": false
      }
    ],
    "isTemplate": false,
    "count": 0,
    "lang": "en",
    "updated": 0
  },
  {
    "id": "395640dc-44e1-456d-9a50-30e7c669297b",
    "data": [
      {
        "text": "is ",
        "userDefined": false
      },
      {
        "text": "90",
        "meta": "@sys.number",
        "alias": "amount",
        "userDefined": true
      },
      {
        "text": " degrees ",
        "userDefined": false
      },
      {
        "text": "Fahrenheit",
        "meta": "@unit",
        "alias": "unit-from",
        "userDefined": true
      },
      {
        "text": " incredibly hot",
        "userDefined": false
      }
    ],
    "isTemplate": false,
    "count": 0,
    "lang": "en",
    "updated": 0
  },
  {
    "id": "7a31d128-0012-41dd-8411-8ab01596f8f0",
    "data": [
      {
        "text": "how much is ",
        "userDefined": false
      },
      {
        "text": "90",
        "meta": "@sys.number",
        "alias": "amount",
        "userDefined": true
      },
      {
        "text": " ",
        "userDefined": false
      },
      {
        "text": "kilograms",
        "meta": "@unit",
        "alias": "unit-from",
        "userDefined": true
      },
      {
        "text": " in ",
        "userDefined": false
      },
      {
        "text": "pounds",
        "meta": "@unit",
        "alias": "unit-to",
        "userDefined": true
      }
    ],
    "isTemplate": false,
    "count": 0,
    "lang": "en",
    "updated": 0
  },
  {
    "id": "1b873578-6489-4de5-83b0-0787dfd796fb",
    "data": [
      {
        "text": "16",
        "meta": "@sys.number",
        "alias": "amount",
        "userDefined": true
      },
      {
        "text": " ",
        "userDefined": false
      },
      {
        "text": "kilograms",
        "meta": "@unit",
        "alias": "unit-from",
        "userDefined": true
      },
      {
        "text": " into ",
        "userDefined": false
      },
      {
        "text": "pounds",
        "meta": "@unit",
        "alias": "unit-to",
        "userDefined": true
      }
    ],
    "isTemplate": false,
    "count": 0,
    "lang": "en",
    "updated": 0
  },
  {
    "id": "dfa9e8c0-68d2-4dbb-a0f8-887e5a87cefb",
    "data": [
      {
        "text": "5",
        "meta": "@sys.number",
        "alias": "amount",
        "userDefined": true
      },
      {
        "text": " ",
        "userDefined": false
      },
      {
        "text": "feet",
        "meta": "@unit",
        "alias": "unit-from",
        "userDefined": true
      },
      {
        "text": " is how ",
        "userDefined": false
      },
      {
        "text": "many",
        "meta": "@sys.ignore",
        "userDefined": true
      },
      {
        "text": " ",
        "userDefined": false
      },
      {
        "text": "centimeters",
        "meta": "@unit",
        "alias": "unit-to",
        "userDefined": true
      }
    ],
    "isTemplate": false,
    "count": 0,
    "lang": "en",
    "updated": 0
  },
  {
    "id": "d26bf404-ea45-4c5e-b5bb-a67e9feff199",
    "data": [
      {
        "text": "convert ",
        "userDefined": false
      },
      {
        "text": "26",
        "meta": "@sys.number",
        "alias": "amount",
        "userDefined": false
      },
      {
        "text": " ",
        "userDefined": false
      },
      {
        "text": "degrees Celsius",
        "meta": "@unit",
        "alias": "unit-from",
        "userDefined": false
      },
      {
        "text": " to ",
        "userDefined": false
      },
      {
        "text": "Fahrenheit",
        "meta": "@unit",
        "alias": "unit-to",
        "userDefined": false
      }
    ],
    "isTemplate": false,
    "count": 0,
    "lang": "en",
    "updated": 0
  },
  {
    "id": "2afef4a3-b3fa-4c7d-abb1-ed858b81ecb7",
    "data": [
      {
        "text": "what\u0027s the ",
        "userDefined": false
      },
      {
        "text": "square feet",
        "meta": "@unit",
        "alias": "unit-to",
        "userDefined": true
      },
      {
        "text": " of ",
        "userDefined": false
      },
      {
        "text": "500",
        "meta": "@sys.number",
        "alias": "amount",
        "userDefined": true
      },
      {
        "text": " ",
        "userDefined": false
      },
      {
        "text": "acres",
        "meta": "@unit",
        "alias": "unit-from",
        "userDefined": true
      }
    ],
    "isTemplate": false,
    "count": 0,
    "lang": "en",
    "updated": 0
  },
  {
    "id": "29e6bdbb-8408-479a-b636-7455606ebd96",
    "data": [
      {
        "text": "convert ",
        "userDefined": false
      },
      {
        "text": "500",
        "meta": "@sys.number",
        "alias": "amount",
        "userDefined": false
      },
      {
        "text": " ",
        "userDefined": false
      },
      {
        "text": "kilometers",
        "meta": "@unit",
        "alias": "unit-from",
        "userDefined": false
      },
      {
        "text": " to ",
        "userDefined": false
      },
      {
        "text": "miles",
        "meta": "@unit",
        "alias": "unit-to",
        "userDefined": false
      }
    ],
    "isTemplate": false,
    "count": 0,
    "lang": "en",
    "updated": 0
  },
  {
    "id": "ab433f55-31cd-446b-aabc-54de361a2d3e",
    "data": [
      {
        "text": "convert ",
        "userDefined": false
      },
      {
        "text": "4",
        "meta": "@sys.number",
        "alias": "amount",
        "userDefined": true
      },
      {
        "text": " ",
        "userDefined": false
      },
      {
        "text": "kilometers",
        "meta": "@unit",
        "alias": "unit-from",
        "userDefined": true
      },
      {
        "text": " into ",
        "userDefined": false
      },
      {
        "text": "miles",
        "meta": "@unit",
        "alias": "unit-to",
        "userDefined": true
      }
    ],
    "isTemplate": false,
    "count": 0,
    "lang": "en",
    "updated": 0
  },
  {
    "id": "e7791549-ca0d-40f3-9ea2-1a9bbbbf4683",
    "data": [
      {
        "text": "how ",
        "userDefined": false
      },
      {
        "text": "many",
        "meta": "@sys.ignore",
        "userDefined": true
      },
      {
        "text": " ",
        "userDefined": false
      },
      {
        "text": "feet",
        "meta": "@unit",
        "alias": "unit-to",
        "userDefined": true
      },
      {
        "text": " ",
        "userDefined": false
      },
      {
        "text": "are",
        "meta": "@sys.ignore",
        "userDefined": true
      },
      {
        "text": " in ",
        "userDefined": false
      },
      {
        "text": "one",
        "meta": "@sys.number",
        "alias": "amount",
        "userDefined": true
      },
      {
        "text": " ",
        "userDefined": false
      },
      {
        "text": "mile",
        "meta": "@unit",
        "alias": "unit-from",
        "userDefined": true
      }
    ],
    "isTemplate": false,
    "count": 0,
    "lang": "en",
    "updated": 0
  },
  {
    "id": "c6119004-2eae-4bd6-a6ec-979cd792306b",
    "data": [
      {
        "text": "how ",
        "userDefined": false
      },
      {
        "text": "many",
        "meta": "@sys.ignore",
        "userDefined": true
      },
      {
        "text": " ",
        "userDefined": false
      },
      {
        "text": "pounds",
        "meta": "@unit",
        "alias": "unit-to",
        "userDefined": true
      },
      {
        "text": " is ",
        "userDefined": false
      },
      {
        "text": "79",
        "meta": "@sys.number",
        "alias": "amount",
        "userDefined": true
      },
      {
        "text": " ",
        "userDefined": false
      },
      {
        "text": "kilograms",
        "meta": "@unit",
        "alias": "unit-from",
        "userDefined": true
      }
    ],
    "isTemplate": false,
    "count": 0,
    "lang": "en",
    "updated": 0
  },
  {
    "id": "583a6f21-a885-459d-a56f-ec1eecd9c14a",
    "data": [
      {
        "text": "convert ",
        "userDefined": false
      },
      {
        "text": "176",
        "meta": "@sys.number",
        "alias": "amount",
        "userDefined": true
      },
      {
        "text": " ",
        "userDefined": false
      },
      {
        "text": "pounds",
        "meta": "@unit",
        "alias": "unit-from",
        "userDefined": true
      },
      {
        "text": " to ",
        "userDefined": false
      },
      {
        "text": "kilograms",
        "meta": "@unit",
        "alias": "unit-to",
        "userDefined": true
      }
    ],
    "isTemplate": false,
    "count": 0,
    "lang": "en",
    "updated": 0
  },
  {
    "id": "7365f5a2-af9e-498f-9e84-b44036bf062d",
    "data": [
      {
        "text": "how many ",
        "userDefined": false
      },
      {
        "text": "feet",
        "meta": "@unit",
        "alias": "unit-to",
        "userDefined": true
      },
      {
        "text": " in a ",
        "userDefined": false
      },
      {
        "text": "kilometer",
        "meta": "@unit",
        "alias": "unit-from",
        "userDefined": true
      }
    ],
    "isTemplate": false,
    "count": 0,
    "lang": "en",
    "updated": 0
  },
  {
    "id": "f2501aa8-ef86-48b3-8afa-5b6ece09160a",
    "data": [
      {
        "text": "20",
        "meta": "@sys.number",
        "alias": "amount",
        "userDefined": false
      },
      {
        "text": " ",
        "userDefined": false
      },
      {
        "text": "kg",
        "meta": "@unit",
        "alias": "unit-from",
        "userDefined": true
      },
      {
        "text": " to ",
        "userDefined": false
      },
      {
        "text": "pounds",
        "meta": "@unit",
        "alias": "unit-to",
        "userDefined": true
      }
    ],
    "isTemplate": false,
    "count": 0,
    "lang": "en",
    "updated": 0
  },
  {
    "id": "229797f9-e521-444b-b19f-acdc82c314f0",
    "data": [
      {
        "text": "how ",
        "userDefined": false
      },
      {
        "text": "many",
        "meta": "@sys.ignore",
        "userDefined": true
      },
      {
        "text": " ",
        "userDefined": false
      },
      {
        "text": "inches",
        "meta": "@unit",
        "alias": "unit-to",
        "userDefined": true
      },
      {
        "text": " ",
        "userDefined": false
      },
      {
        "text": "are",
        "meta": "@sys.ignore",
        "userDefined": true
      },
      {
        "text": " in a ",
        "userDefined": false
      },
      {
        "text": "square foot",
        "meta": "@unit",
        "alias": "unit-from",
        "userDefined": true
      }
    ],
    "isTemplate": false,
    "count": 0,
    "lang": "en",
    "updated": 0
  },
  {
    "id": "5015934d-4841-4c02-9429-0b643939ed8c",
    "data": [
      {
        "text": "what is ",
        "userDefined": false
      },
      {
        "text": "830736",
        "meta": "@sys.number",
        "alias": "amount",
        "userDefined": true
      },
      {
        "text": " ",
        "userDefined": false
      },
      {
        "text": "miles",
        "meta": "@unit",
        "alias": "unit-from",
        "userDefined": true
      },
      {
        "text": " in ",
        "userDefined": false
      },
      {
        "text": "centimeters",
        "meta": "@unit",
        "alias": "unit-to",
        "userDefined": true
      }
    ],
    "isTemplate": false,
    "count": 0,
    "lang": "en",
    "updated": 0
  },
  {
    "id": "49383482-843a-4877-9334-cd1f25b5c90f",
    "data": [
      {
        "text": "how ",
        "userDefined": false
      },
      {
        "text": "many",
        "meta": "@sys.ignore",
        "userDefined": true
      },
      {
        "text": " ",
        "userDefined": false
      },
      {
        "text": "inches",
        "meta": "@unit",
        "alias": "unit-to",
        "userDefined": true
      },
      {
        "text": " in a ",
        "userDefined": false
      },
      {
        "text": "mile",
        "meta": "@unit",
        "alias": "unit-from",
        "userDefined": true
      }
    ],
    "isTemplate": false,
    "count": 0,
    "lang": "en",
    "updated": 0
  },
  {
    "id": "25f6a86e-9c84-4925-8f0b-15961e59760d",
    "data": [
      {
        "text": "how many ",
        "userDefined": false
      },
      {
        "text": "kilograms",
        "meta": "@unit",
        "alias": "unit-to",
        "userDefined": true
      },
      {
        "text": " are in a ",
        "userDefined": false
      },
      {
        "text": "pound",
        "meta": "@unit",
        "alias": "unit-from",
        "userDefined": true
      }
    ],
    "isTemplate": false,
    "count": 0,
    "lang": "en",
    "updated": 0
  },
  {
    "id": "5c2b83d3-a6d3-4d1a-9293-24c2875ab0c8",
    "data": [
      {
        "text": "convert ",
        "userDefined": false
      },
      {
        "text": "23",
        "meta": "@sys.number",
        "alias": "amount",
        "userDefined": true
      },
      {
        "text": " ",
        "userDefined": false
      },
      {
        "text": "kilograms",
        "meta": "@unit",
        "alias": "unit-from",
        "userDefined": true
      },
      {
        "text": " to ",
        "userDefined": false
      },
      {
        "text": "pounds",
        "meta": "@unit",
        "alias": "unit-to",
        "userDefined": true
      }
    ],
    "isTemplate": false,
    "count": 0,
    "lang": "en",
    "updated": 0
  },
  {
    "id": "aa2e7476-4997-467b-b2b7-bae01f30fd02",
    "data": [
      {
        "text": "1",
        "meta": "@sys.number",
        "alias": "amount",
        "userDefined": true
      },
      {
        "text": " ",
        "userDefined": false
      },
      {
        "text": "oz",
        "meta": "@unit",
        "alias": "unit-from",
        "userDefined": true
      },
      {
        "text": " in ",
        "userDefined": false
      },
      {
        "text": "gram",
        "meta": "@unit",
        "alias": "unit-to",
        "userDefined": true
      }
    ],
    "isTemplate": false,
    "count": 0,
    "lang": "en",
    "updated": 0
  },
  {
    "id": "0b10024e-7b09-4d2a-a535-5ac4119ad1c3",
    "data": [
      {
        "text": "10",
        "meta": "@sys.number",
        "alias": "amount",
        "userDefined": true
      },
      {
        "text": " ",
        "userDefined": false
      },
      {
        "text": "kilograms",
        "meta": "@unit",
        "alias": "unit-from",
        "userDefined": true
      },
      {
        "text": " equals how ",
        "userDefined": false
      },
      {
        "text": "many",
        "meta": "@sys.ignore",
        "userDefined": true
      },
      {
        "text": " ",
        "userDefined": false
      },
      {
        "text": "pounds",
        "meta": "@unit",
        "alias": "unit-to",
        "userDefined": true
      }
    ],
    "isTemplate": false,
    "count": 0,
    "lang": "en",
    "updated": 0
  },
  {
    "id": "c3034ab6-c2fd-41cf-bc2c-34c0f67b2bf3",
    "data": [
      {
        "text": "1",
        "meta": "@sys.number",
        "alias": "amount",
        "userDefined": true
      },
      {
        "text": " ",
        "userDefined": false
      },
      {
        "text": "litre",
        "meta": "@unit",
        "alias": "unit-from",
        "userDefined": true
      },
      {
        "text": " how much in ",
        "userDefined": false
      },
      {
        "text": "ml",
        "meta": "@unit",
        "alias": "unit-to",
        "userDefined": true
      }
    ],
    "isTemplate": false,
    "count": 0,
    "lang": "en",
    "updated": 0
  },
  {
    "id": "1fbae005-ac30-4848-9718-4917f94fd9f7",
    "data": [
      {
        "text": "convert ",
        "userDefined": false
      },
      {
        "text": "600",
        "meta": "@sys.number",
        "alias": "amount",
        "userDefined": true
      },
      {
        "text": " ",
        "userDefined": false
      },
      {
        "text": "acres",
        "meta": "@unit",
        "alias": "unit-from",
        "userDefined": true
      },
      {
        "text": " into ",
        "userDefined": false
      },
      {
        "text": "square feet",
        "meta": "@unit",
        "alias": "unit-to",
        "userDefined": true
      }
    ],
    "isTemplate": false,
    "count": 0,
    "lang": "en",
    "updated": 0
  },
  {
    "id": "7bc71f6b-0fa5-4d08-bd9f-c2a26b8cf0c0",
    "data": [
      {
        "text": "how many ",
        "userDefined": false
      },
      {
        "text": "hours",
        "meta": "@unit",
        "alias": "unit-to",
        "userDefined": true
      },
      {
        "text": " there is in ",
        "userDefined": false
      },
      {
        "text": "1",
        "meta": "@sys.number",
        "alias": "amount",
        "userDefined": true
      },
      {
        "text": " ",
        "userDefined": false
      },
      {
        "text": "week",
        "meta": "@unit",
        "alias": "unit-from",
        "userDefined": true
      }
    ],
    "isTemplate": false,
    "count": 0,
    "lang": "en",
    "updated": 0
  },
  {
    "id": "2343e0d6-2b69-481a-bbca-5a65940a6c78",
    "data": [
      {
        "text": "convert ",
        "userDefined": false
      },
      {
        "text": "100",
        "meta": "@sys.number",
        "alias": "amount",
        "userDefined": false
      },
      {
        "text": " ",
        "userDefined": false
      },
      {
        "text": "kilometers",
        "meta": "@unit",
        "alias": "unit-from",
        "userDefined": true
      },
      {
        "text": " to ",
        "userDefined": false
      },
      {
        "text": "miles",
        "meta": "@unit",
        "alias": "unit-to",
        "userDefined": true
      }
    ],
    "isTemplate": false,
    "count": 0,
    "lang": "en",
    "updated": 0
  },
  {
    "id": "d2b26668-c556-4906-8e24-becbd1e9b1fb",
    "data": [
      {
        "text": "can you convert ",
        "userDefined": false
      },
      {
        "text": "miles",
        "meta": "@unit",
        "alias": "unit-from",
        "userDefined": false
      },
      {
        "text": " in ",
        "userDefined": false
      },
      {
        "text": "kilometres",
        "meta": "@unit",
        "alias": "unit-to",
        "userDefined": true
      }
    ],
    "isTemplate": false,
    "count": 0,
    "lang": "en",
    "updated": 0
  },
  {
    "id": "a6188016-96c1-4647-becb-909cc33441cb",
    "data": [
      {
        "text": "how ",
        "userDefined": false
      },
      {
        "text": "many",
        "meta": "@sys.ignore",
        "userDefined": true
      },
      {
        "text": " ",
        "userDefined": false
      },
      {
        "text": "pounds",
        "meta": "@unit",
        "alias": "unit-to",
        "userDefined": true
      },
      {
        "text": " is ",
        "userDefined": false
      },
      {
        "text": "16",
        "meta": "@sys.number",
        "alias": "amount",
        "userDefined": true
      },
      {
        "text": " ",
        "userDefined": false
      },
      {
        "text": "kilograms",
        "meta": "@unit",
        "alias": "unit-from",
        "userDefined": true
      }
    ],
    "isTemplate": false,
    "count": 0,
    "lang": "en",
    "updated": 0
  },
  {
    "id": "e5ed0a6c-2877-44ee-81e8-6205087ea3bb",
    "data": [
      {
        "text": "how ",
        "userDefined": false
      },
      {
        "text": "many",
        "meta": "@sys.ignore",
        "userDefined": true
      },
      {
        "text": " ",
        "userDefined": false
      },
      {
        "text": "feet",
        "meta": "@unit",
        "alias": "unit-to",
        "userDefined": true
      },
      {
        "text": " in a ",
        "userDefined": false
      },
      {
        "text": "mile",
        "meta": "@unit",
        "alias": "unit-from",
        "userDefined": true
      }
    ],
    "isTemplate": false,
    "count": 0,
    "lang": "en",
    "updated": 0
  },
  {
    "id": "622851b3-2e65-4b78-a86e-da388df6ff1e",
    "data": [
      {
        "text": "679",
        "meta": "@sys.number",
        "alias": "amount",
        "userDefined": true
      },
      {
        "text": " ",
        "userDefined": false
      },
      {
        "text": "sqft",
        "meta": "@unit",
        "alias": "unit-from",
        "userDefined": true
      },
      {
        "text": " in ",
        "userDefined": false
      },
      {
        "text": "sq m",
        "meta": "@unit",
        "alias": "unit-to",
        "userDefined": true
      }
    ],
    "isTemplate": false,
    "count": 0,
    "lang": "en",
    "updated": 0
  },
  {
    "id": "d348d1e1-d34e-45a6-b6c8-c8b000f69b20",
    "data": [
      {
        "text": "how ",
        "userDefined": false
      },
      {
        "text": "many",
        "meta": "@sys.ignore",
        "userDefined": true
      },
      {
        "text": " ",
        "userDefined": false
      },
      {
        "text": "centimeters",
        "meta": "@unit",
        "alias": "unit-from",
        "userDefined": true
      },
      {
        "text": " per ",
        "userDefined": false
      },
      {
        "text": "inch",
        "meta": "@unit",
        "alias": "unit-to",
        "userDefined": true
      }
    ],
    "isTemplate": false,
    "count": 0,
    "lang": "en",
    "updated": 0
  },
  {
    "id": "2aa80c0d-b4ad-4f8f-87a2-1369af8a3551",
    "data": [
      {
        "text": "convert ",
        "userDefined": false
      },
      {
        "text": "23",
        "meta": "@sys.number",
        "alias": "amount",
        "userDefined": true
      },
      {
        "text": " ",
        "userDefined": false
      },
      {
        "text": "years",
        "meta": "@unit",
        "alias": "unit-from",
        "userDefined": true
      },
      {
        "text": " to ",
        "userDefined": false
      },
      {
        "text": "seconds",
        "meta": "@unit",
        "alias": "unit-to",
        "userDefined": true
      }
    ],
    "isTemplate": false,
    "count": 0,
    "lang": "en",
    "updated": 0
  },
  {
    "id": "15455feb-8bb6-46fd-9557-2247e26a7264",
    "data": [
      {
        "text": "change from ",
        "userDefined": false
      },
      {
        "text": "Fahrenheit",
        "meta": "@unit",
        "alias": "unit-from",
        "userDefined": true
      },
      {
        "text": " to ",
        "userDefined": false
      },
      {
        "text": "Kelvin",
        "meta": "@unit",
        "alias": "unit-to",
        "userDefined": true
      }
    ],
    "isTemplate": false,
    "count": 0,
    "lang": "en",
    "updated": 0
  },
  {
    "id": "9ef4fa24-585e-4ff0-9185-380547e3b562",
    "data": [
      {
        "text": "how ",
        "userDefined": false
      },
      {
        "text": "many",
        "meta": "@sys.ignore",
        "userDefined": true
      },
      {
        "text": " ",
        "userDefined": false
      },
      {
        "text": "inches",
        "meta": "@unit",
        "alias": "unit-to",
        "userDefined": false
      },
      {
        "text": " are there in ",
        "userDefined": false
      },
      {
        "text": "10",
        "meta": "@sys.number",
        "alias": "amount",
        "userDefined": false
      },
      {
        "text": " ",
        "userDefined": false
      },
      {
        "text": "feet",
        "meta": "@unit",
        "alias": "unit-from",
        "userDefined": false
      }
    ],
    "isTemplate": false,
    "count": 0,
    "lang": "en",
    "updated": 0
  },
  {
    "id": "ed0b3a6c-e3f0-4390-993f-61b97e441f15",
    "data": [
      {
        "text": "convert into ",
        "userDefined": false
      },
      {
        "text": "miles",
        "meta": "@unit",
        "alias": "unit-to",
        "userDefined": true
      }
    ],
    "isTemplate": false,
    "count": 0,
    "lang": "en",
    "updated": 0
  },
  {
    "id": "301ec28a-fdc9-4046-a11b-05568368cb81",
    "data": [
      {
        "text": "Yards",
        "meta": "@unit",
        "alias": "unit-from",
        "userDefined": false
      },
      {
        "text": " to ",
        "userDefined": false
      },
      {
        "text": "meters",
        "meta": "@unit",
        "alias": "unit-to",
        "userDefined": false
      }
    ],
    "isTemplate": false,
    "count": 0,
    "lang": "en",
    "updated": 0
  },
  {
    "id": "dddbda15-5cb6-4e45-b5d3-a5a2638798e6",
    "data": [
      {
        "text": "how ",
        "userDefined": false
      },
      {
        "text": "many",
        "meta": "@sys.ignore",
        "userDefined": true
      },
      {
        "text": " ",
        "userDefined": false
      },
      {
        "text": "inches",
        "meta": "@unit",
        "alias": "unit-to",
        "userDefined": true
      },
      {
        "text": " ",
        "userDefined": false
      },
      {
        "text": "are",
        "meta": "@sys.ignore",
        "userDefined": true
      },
      {
        "text": " there in ",
        "userDefined": false
      },
      {
        "text": "six",
        "meta": "@sys.number",
        "alias": "amount",
        "userDefined": true
      },
      {
        "text": " ",
        "userDefined": false
      },
      {
        "text": "feet",
        "meta": "@unit",
        "alias": "unit-from",
        "userDefined": true
      }
    ],
    "isTemplate": false,
    "count": 0,
    "lang": "en",
    "updated": 0
  },
  {
    "id": "637a7b1f-d53a-4d41-8d12-68bd9c011c5e",
    "data": [
      {
        "text": "how ",
        "userDefined": false
      },
      {
        "text": "many",
        "meta": "@sys.ignore",
        "userDefined": true
      },
      {
        "text": " ",
        "userDefined": false
      },
      {
        "text": "pounds",
        "meta": "@unit",
        "alias": "unit-to",
        "userDefined": true
      },
      {
        "text": " there ",
        "userDefined": false
      },
      {
        "text": "are",
        "meta": "@sys.ignore",
        "userDefined": true
      },
      {
        "text": " in ",
        "userDefined": false
      },
      {
        "text": "23",
        "meta": "@sys.number",
        "alias": "amount",
        "userDefined": true
      },
      {
        "text": " ",
        "userDefined": false
      },
      {
        "text": "kilograms",
        "meta": "@unit",
        "alias": "unit-from",
        "userDefined": true
      }
    ],
    "isTemplate": false,
    "count": 0,
    "lang": "en",
    "updated": 0
  },
  {
    "id": "101bb27f-9653-4676-8a8a-6f87e542365e",
    "data": [
      {
        "text": "what are ",
        "userDefined": false
      },
      {
        "text": "2",
        "meta": "@sys.number",
        "alias": "amount",
        "userDefined": true
      },
      {
        "text": " ",
        "userDefined": false
      },
      {
        "text": "feet",
        "meta": "@unit",
        "alias": "unit-from",
        "userDefined": true
      },
      {
        "text": " in ",
        "userDefined": false
      },
      {
        "text": "miles",
        "meta": "@unit",
        "alias": "unit-to",
        "userDefined": true
      }
    ],
    "isTemplate": false,
    "count": 0,
    "lang": "en",
    "updated": 0
  },
  {
    "id": "3f0ab583-b217-43e5-8c70-9b7e8328a790",
    "data": [
      {
        "text": "convert ",
        "userDefined": false
      },
      {
        "text": "10060",
        "meta": "@sys.number",
        "alias": "amount",
        "userDefined": true
      },
      {
        "text": " ",
        "userDefined": false
      },
      {
        "text": "kilograms",
        "meta": "@unit",
        "alias": "unit-from",
        "userDefined": true
      },
      {
        "text": " to ",
        "userDefined": false
      },
      {
        "text": "pounds",
        "meta": "@unit",
        "alias": "unit-to",
        "userDefined": true
      }
    ],
    "isTemplate": false,
    "count": 0,
    "lang": "en",
    "updated": 0
  },
  {
    "id": "e1b7b80b-fac4-44e6-a34c-baf8846412a1",
    "data": [
      {
        "text": "how many ",
        "userDefined": false
      },
      {
        "text": "ounces",
        "meta": "@unit",
        "alias": "unit-to",
        "userDefined": true
      },
      {
        "text": " in ",
        "userDefined": false
      },
      {
        "text": "3",
        "meta": "@sys.number",
        "alias": "amount",
        "userDefined": true
      },
      {
        "text": " ",
        "userDefined": false
      },
      {
        "text": "gallons",
        "meta": "@unit",
        "alias": "unit-from",
        "userDefined": true
      }
    ],
    "isTemplate": false,
    "count": 0,
    "lang": "en",
    "updated": 0
  }
]