[
  {
    "id": "12fa483e-60f2-4ff0-84d1-7586dd7fb7fc",
    "data": [
      {
        "text": "明天",
        "meta": "@sys.date-time",
        "alias": "date-time",
        "userDefined": true
      },
      {
        "text": "天氣多少",
        "userDefined": false
      },
      {
        "text": "攝氏度",
        "meta": "@unit-temperature",
        "alias": "unit",
        "userDefined": true
      }
    ],
    "isTemplate": false,
    "count": 0,
    "lang": "zh-tw",
    "updated": 0
  },
  {
    "id": "4093404a-365f-46b0-876e-b8f089f64db0",
    "data": [
      {
        "text": "用著",
        "userDefined": false
      },
      {
        "text": "攝氏度",
        "meta": "@unit-temperature",
        "alias": "unit",
        "userDefined": true
      },
      {
        "text": "顯示天氣",
        "userDefined": false
      }
    ],
    "isTemplate": false,
    "count": 0,
    "lang": "zh-tw",
    "updated": 0
  },
  {
    "id": "6c2214be-c0e5-43df-9a0e-7b3b278ca121",
    "data": [
      {
        "text": "上海",
        "meta": "@sys.address",
        "alias": "address",
        "userDefined": true
      },
      {
        "text": "明天",
        "meta": "@sys.date-time",
        "alias": "date-time",
        "userDefined": true
      },
      {
        "text": "的天氣怎麽樣",
        "userDefined": false
      }
    ],
    "isTemplate": false,
    "count": 0,
    "lang": "zh-tw",
    "updated": 0
  },
  {
    "id": "1d34dc4a-3e7c-4d2c-a386-6f859bc0a64d",
    "data": [
      {
        "text": "北京",
        "meta": "@sys.address",
        "alias": "address",
        "userDefined": true
      },
      {
        "text": "今天早上",
        "meta": "@sys.date-time",
        "alias": "date-time",
        "userDefined": true
      },
      {
        "text": "的天氣怎麽樣",
        "userDefined": false
      }
    ],
    "isTemplate": false,
    "count": 1,
    "lang": "zh-tw",
    "updated": 0
  },
  {
    "id": "ef281112-504f-4014-aceb-adcf8ef54963",
    "data": [
      {
        "text": "9/4",
        "meta": "@sys.date-time",
        "alias": "date-time",
        "userDefined": true
      },
      {
        "text": "天氣如何",
        "userDefined": false
      }
    ],
    "isTemplate": false,
    "count": 0,
    "lang": "zh-tw",
    "updated": 0
  },
  {
    "id": "7a47047a-2679-48e2-bf85-6c296fe9811b",
    "data": [
      {
        "text": "今天",
        "meta": "@sys.date-time",
        "alias": "date-time",
        "userDefined": true
      },
      {
        "text": "上海",
        "meta": "@sys.address",
        "alias": "address",
        "userDefined": true
      },
      {
        "text": "的天氣",
        "userDefined": false
      }
    ],
    "isTemplate": false,
    "count": 0,
    "lang": "zh-tw",
    "updated": 0
  },
  {
    "id": "0eb76c5e-aef6-41a9-90a3-91afad67d56c",
    "data": [
      {
        "text": "你能查下",
        "userDefined": false
      },
      {
        "text": "北京",
        "meta": "@sys.address",
        "alias": "address",
        "userDefined": false
      },
      {
        "text": "的天氣嗎",
        "userDefined": false
      }
    ],
    "isTemplate": false,
    "count": 0,
    "lang": "zh-tw",
    "updated": 0
  },
  {
    "id": "dde5d7f7-dae4-4768-8469-63a96ecc5923",
    "data": [
      {
        "text": "明天",
        "meta": "@sys.date-time",
        "alias": "date-time",
        "userDefined": true
      },
      {
        "text": "台北",
        "meta": "@sys.address",
        "alias": "address",
        "userDefined": false
      },
      {
        "text": "天",
        "meta": "@sys.ignore",
        "userDefined": false
      },
      {
        "text": "氣",
        "userDefined": false
      }
    ],
    "isTemplate": false,
    "count": 0,
    "lang": "zh-tw",
    "updated": 0
  },
  {
    "id": "9b043c04-067b-45e2-a8bc-5bcf6ed23316",
    "data": [
      {
        "text": "兩天前",
        "meta": "@sys.date-time",
        "alias": "date-time",
        "userDefined": true
      },
      {
        "text": "上海",
        "meta": "@sys.address",
        "alias": "address",
        "userDefined": true
      },
      {
        "text": "的天氣如何",
        "userDefined": false
      }
    ],
    "isTemplate": false,
    "count": 0,
    "lang": "zh-tw",
    "updated": 0
  },
  {
    "id": "920a19fc-6967-49e8-a644-a4fed7f857db",
    "data": [
      {
        "text": "不好意思可以幫我查",
        "userDefined": false
      },
      {
        "text": "香港",
        "meta": "@sys.address",
        "alias": "address",
        "userDefined": true
      },
      {
        "text": "的天氣",
        "userDefined": false
      }
    ],
    "isTemplate": false,
    "count": 0,
    "lang": "zh-tw",
    "updated": 0
  },
  {
    "id": "9d5ab377-cc96-485f-8b98-69879a30a1d8",
    "data": [
      {
        "text": "今天",
        "meta": "@sys.date-time",
        "alias": "date-time",
        "userDefined": false
      },
      {
        "text": "台北",
        "meta": "@sys.address",
        "alias": "address",
        "userDefined": false
      },
      {
        "text": "天",
        "meta": "@sys.ignore",
        "userDefined": false
      },
      {
        "text": "氣如",
        "userDefined": false
      },
      {
        "text": "何",
        "meta": "@sys.ignore",
        "userDefined": false
      }
    ],
    "isTemplate": false,
    "count": 0,
    "lang": "zh-tw",
    "updated": 0
  },
  {
    "id": "e7f25e56-35cf-4359-8c2c-792be669178e",
    "data": [
      {
        "text": "昨天",
        "meta": "@sys.date-time",
        "alias": "date-time",
        "userDefined": true
      },
      {
        "text": "幾度",
        "userDefined": false
      }
    ],
    "isTemplate": false,
    "count": 0,
    "lang": "zh-tw",
    "updated": 0
  },
  {
    "id": "a3b45c91-8c87-4ad1-b6cb-995fb37ef093",
    "data": [
      {
        "text": "今天",
        "meta": "@sys.date-time",
        "alias": "date-time",
        "userDefined": true
      },
      {
        "text": "台北市",
        "meta": "@sys.address",
        "alias": "address",
        "userDefined": false
      },
      {
        "text": "的",
        "meta": "@sys.ignore",
        "userDefined": false
      },
      {
        "text": "天",
        "meta": "@sys.ignore",
        "userDefined": false
      },
      {
        "text": "氣如",
        "userDefined": false
      },
      {
        "text": "何",
        "meta": "@sys.ignore",
        "userDefined": false
      }
    ],
    "isTemplate": false,
    "count": 0,
    "lang": "zh-tw",
    "updated": 0
  },
  {
    "id": "7dca9869-3260-44ef-8042-e42ab1d568bc",
    "data": [
      {
        "text": "下個星期五",
        "meta": "@sys.date-time",
        "alias": "date-time",
        "userDefined": true
      },
      {
        "text": "台北",
        "meta": "@sys.address",
        "alias": "address",
        "userDefined": false
      },
      {
        "text": "是不是",
        "userDefined": false
      },
      {
        "text": "天",
        "meta": "@sys.ignore",
        "userDefined": false
      },
      {
        "text": "氣",
        "userDefined": false
      },
      {
        "text": "好",
        "meta": "@sys.ignore",
        "userDefined": false
      },
      {
        "text": "嗎",
        "userDefined": false
      }
    ],
    "isTemplate": false,
    "count": 0,
    "lang": "zh-tw",
    "updated": 0
  },
  {
    "id": "5e5362db-e940-45a0-9a7a-3dff928422e4",
    "data": [
      {
        "text": "今天",
        "meta": "@sys.date-time",
        "alias": "date-time",
        "userDefined": false
      },
      {
        "text": "台北",
        "meta": "@sys.address",
        "alias": "address",
        "userDefined": false
      },
      {
        "text": "的",
        "meta": "@sys.ignore",
        "userDefined": false
      },
      {
        "text": "天",
        "meta": "@sys.ignore",
        "userDefined": false
      },
      {
        "text": "氣如",
        "userDefined": false
      },
      {
        "text": "何",
        "meta": "@sys.ignore",
        "userDefined": false
      }
    ],
    "isTemplate": false,
    "count": 0,
    "lang": "zh-tw",
    "updated": 0
  },
  {
    "id": "f024140f-5946-4e22-9c03-5f109cce5fb3",
    "data": [
      {
        "text": "今天",
        "meta": "@sys.date-time",
        "alias": "date-time",
        "userDefined": false
      },
      {
        "text": "台中",
        "meta": "@sys.ignore",
        "userDefined": false
      },
      {
        "text": "天",
        "meta": "@sys.ignore",
        "userDefined": false
      },
      {
        "text": "氣如",
        "userDefined": false
      },
      {
        "text": "何",
        "meta": "@sys.ignore",
        "userDefined": false
      }
    ],
    "isTemplate": false,
    "count": 0,
    "lang": "zh-tw",
    "updated": 0
  },
  {
    "id": "a5ef1785-77de-4d92-82ce-85df1f79010c",
    "data": [
      {
        "text": "杭州",
        "meta": "@sys.address",
        "alias": "address",
        "userDefined": true
      },
      {
        "text": "今天",
        "meta": "@sys.date-time",
        "alias": "date-time",
        "userDefined": true
      },
      {
        "text": "的天氣怎麽樣",
        "userDefined": false
      }
    ],
    "isTemplate": false,
    "count": 0,
    "lang": "zh-tw",
    "updated": 0
  },
  {
    "id": "883edbca-0cbd-4b6e-9d0c-5e7a0a225a03",
    "data": [
      {
        "text": "上海",
        "meta": "@sys.address",
        "alias": "address",
        "userDefined": true
      },
      {
        "text": "什麽天氣",
        "userDefined": false
      }
    ],
    "isTemplate": false,
    "count": 0,
    "lang": "zh-tw",
    "updated": 0
  },
  {
    "id": "e4fe6511-404e-41bc-a922-49ae435036a8",
    "data": [
      {
        "text": "昨天",
        "meta": "@sys.date-time",
        "alias": "date-time",
        "userDefined": true
      },
      {
        "text": "什麽",
        "userDefined": false
      },
      {
        "text": "天",
        "meta": "@sys.ignore",
        "userDefined": false
      },
      {
        "text": "氣",
        "userDefined": false
      }
    ],
    "isTemplate": false,
    "count": 0,
    "lang": "zh-tw",
    "updated": 0
  },
  {
    "id": "29a02c26-5621-40cb-b6be-b3a473c86227",
    "data": [
      {
        "text": "廈門",
        "meta": "@sys.address",
        "alias": "address",
        "userDefined": true
      },
      {
        "text": "啥天氣",
        "userDefined": false
      }
    ],
    "isTemplate": false,
    "count": 0,
    "lang": "zh-tw",
    "updated": 0
  },
  {
    "id": "e5d4591f-76c4-40db-9086-77837fe375b8",
    "data": [
      {
        "text": "天氣",
        "userDefined": false
      }
    ],
    "isTemplate": false,
    "count": 1,
    "lang": "zh-tw",
    "updated": 0
  },
  {
    "id": "a307e94a-f2ef-4878-83c0-cb2980bbeb9f",
    "data": [
      {
        "text": "北京",
        "meta": "@sys.address",
        "alias": "address",
        "userDefined": true
      },
      {
        "text": "今天",
        "meta": "@sys.date-time",
        "alias": "date-time",
        "userDefined": true
      },
      {
        "text": "的天氣如何",
        "userDefined": false
      }
    ],
    "isTemplate": false,
    "count": 0,
    "lang": "zh-tw",
    "updated": 0
  },
  {
    "id": "7f9f2ab7-95de-4b69-81d5-8693c12ba856",
    "data": [
      {
        "text": "今天",
        "meta": "@sys.date-time",
        "alias": "date-time",
        "userDefined": false
      },
      {
        "text": "天",
        "meta": "@sys.ignore",
        "userDefined": false
      },
      {
        "text": "氣",
        "userDefined": false
      }
    ],
    "isTemplate": false,
    "count": 0,
    "lang": "zh-tw",
    "updated": 0
  },
  {
    "id": "5060bba1-585a-4c96-8a53-568133b7270e",
    "data": [
      {
        "text": "三天後",
        "meta": "@sys.date-time",
        "alias": "date-time",
        "userDefined": true
      },
      {
        "text": "台北",
        "meta": "@sys.address",
        "alias": "address",
        "userDefined": false
      },
      {
        "text": "的",
        "meta": "@sys.ignore",
        "userDefined": false
      },
      {
        "text": "天",
        "meta": "@sys.ignore",
        "userDefined": false
      },
      {
        "text": "氣",
        "userDefined": false
      }
    ],
    "isTemplate": false,
    "count": 0,
    "lang": "zh-tw",
    "updated": 0
  }
]