[
  {
    "id": "ed3b10c0-445a-48f8-ab23-1fd05a2ac4ca",
    "data": [
      {
        "text": "tell me if it\u0027s ",
        "userDefined": false
      },
      {
        "text": "cold",
        "meta": "@temperature",
        "alias": "temperature",
        "userDefined": true
      },
      {
        "text": " outside",
        "userDefined": false
      }
    ],
    "isTemplate": false,
    "count": 0,
    "lang": "en",
    "updated": 0
  },
  {
    "id": "7eb46f1f-5161-410f-a888-45a0914a96fc",
    "data": [
      {
        "text": "will it be ",
        "userDefined": false
      },
      {
        "text": "warm",
        "meta": "@temperature",
        "alias": "temperature",
        "userDefined": true
      },
      {
        "text": " ",
        "userDefined": false
      },
      {
        "text": "tomorrow",
        "meta": "@sys.date-time",
        "alias": "date-time",
        "userDefined": true
      }
    ],
    "isTemplate": false,
    "count": 0,
    "lang": "en",
    "updated": 0
  },
  {
    "id": "36d2f695-6baa-4ca8-aa4d-77857cc0c853",
    "data": [
      {
        "text": "I\u0027d like to know the temperature",
        "userDefined": false
      }
    ],
    "isTemplate": false,
    "count": 0,
    "lang": "en",
    "updated": 0
  },
  {
    "id": "54bf43c1-6480-473b-891f-0d83e3c85c9e",
    "data": [
      {
        "text": "do you know if it\u0027s ",
        "userDefined": false
      },
      {
        "text": "cold",
        "meta": "@temperature",
        "alias": "temperature",
        "userDefined": true
      },
      {
        "text": " ",
        "userDefined": false
      },
      {
        "text": "now",
        "meta": "@sys.date-time",
        "alias": "date-time",
        "userDefined": true
      }
    ],
    "isTemplate": false,
    "count": 0,
    "lang": "en",
    "updated": 0
  },
  {
    "id": "8f358712-21ff-4ed2-8a0b-fd23ab184db5",
    "data": [
      {
        "text": "is it going to be ",
        "userDefined": false
      },
      {
        "text": "chilly",
        "meta": "@temperature",
        "alias": "temperature",
        "userDefined": true
      },
      {
        "text": " ",
        "userDefined": false
      },
      {
        "text": "tomorrow",
        "meta": "@sys.date-time",
        "alias": "date-time",
        "userDefined": true
      }
    ],
    "isTemplate": false,
    "count": 0,
    "lang": "en",
    "updated": 0
  },
  {
    "id": "73ce6ab0-3de1-4be1-b819-e0ef2eb64b1f",
    "data": [
      {
        "text": "temperature",
        "userDefined": false
      }
    ],
    "isTemplate": false,
    "count": 1,
    "lang": "en",
    "updated": 0
  },
  {
    "id": "f55ad2d5-d48a-4eba-9a40-dc4e47054ca4",
    "data": [
      {
        "text": "I\u0027d like to know the temperature on ",
        "userDefined": false
      },
      {
        "text": "July 22",
        "meta": "@sys.date-time",
        "alias": "date-time",
        "userDefined": true
      },
      {
        "text": " in ",
        "userDefined": false
      },
      {
        "text": "Tampa",
        "meta": "@sys.location",
        "alias": "address",
        "userDefined": true
      }
    ],
    "isTemplate": false,
    "count": 0,
    "lang": "en",
    "updated": 0
  },
  {
    "id": "41c26cf7-eae7-45cf-a859-22a9359d407f",
    "data": [
      {
        "text": "show ",
        "userDefined": false
      },
      {
        "text": "me",
        "meta": "@sys.ignore",
        "userDefined": false
      },
      {
        "text": " the temperature",
        "userDefined": false
      }
    ],
    "isTemplate": false,
    "count": 0,
    "lang": "en",
    "updated": 0
  },
  {
    "id": "2d827d09-b5cf-4b5e-b41f-614ab592fec5",
    "data": [
      {
        "text": "I\u0027d like to know the temperature in ",
        "userDefined": false
      },
      {
        "text": "London",
        "meta": "@sys.location",
        "alias": "address",
        "userDefined": true
      }
    ],
    "isTemplate": false,
    "count": 0,
    "lang": "en",
    "updated": 0
  },
  {
    "id": "60b983d2-0ce4-4e63-9a35-53ed93ebc267",
    "data": [
      {
        "text": "what will the temperature be in ",
        "userDefined": false
      },
      {
        "text": "Munich",
        "meta": "@sys.location",
        "alias": "address",
        "userDefined": true
      },
      {
        "text": " on ",
        "userDefined": false
      },
      {
        "text": "Monday",
        "meta": "@sys.date-time",
        "alias": "date-time",
        "userDefined": true
      }
    ],
    "isTemplate": false,
    "count": 0,
    "lang": "en",
    "updated": 0
  },
  {
    "id": "2a02e9db-8276-47f7-a67f-96788b3f97bd",
    "data": [
      {
        "text": "show ",
        "userDefined": false
      },
      {
        "text": "me",
        "meta": "@sys.ignore",
        "userDefined": false
      },
      {
        "text": " the temperature ",
        "userDefined": false
      },
      {
        "text": "in",
        "meta": "@sys.ignore",
        "userDefined": false
      },
      {
        "text": " ",
        "userDefined": false
      },
      {
        "text": "Paris",
        "meta": "@sys.location",
        "alias": "address",
        "userDefined": true
      },
      {
        "text": " in ",
        "userDefined": false
      },
      {
        "text": "Fahrenheit",
        "meta": "@unit-temperature",
        "alias": "unit",
        "userDefined": false
      }
    ],
    "isTemplate": false,
    "count": 1,
    "lang": "en",
    "updated": 0
  },
  {
    "id": "7b4da8f5-2611-4810-b991-d8869359b648",
    "data": [
      {
        "text": "check temperature in ",
        "userDefined": false
      },
      {
        "text": "Berlin",
        "meta": "@sys.location",
        "alias": "address",
        "userDefined": true
      }
    ],
    "isTemplate": false,
    "count": 0,
    "lang": "en",
    "updated": 0
  },
  {
    "id": "44b93701-89fb-4dae-b855-cb381ef73481",
    "data": [
      {
        "text": "temperature in ",
        "userDefined": false
      },
      {
        "text": "San Diego",
        "meta": "@sys.location",
        "alias": "address",
        "userDefined": true
      },
      {
        "text": " ",
        "userDefined": false
      },
      {
        "text": "next Wednesday",
        "meta": "@sys.date-time",
        "alias": "date-time",
        "userDefined": true
      }
    ],
    "isTemplate": false,
    "count": 0,
    "lang": "en",
    "updated": 0
  },
  {
    "id": "31744e8e-2a05-4962-8ac3-3d26036e0920",
    "data": [
      {
        "text": "do you know if it\u0027s ",
        "userDefined": false
      },
      {
        "text": "cold",
        "meta": "@temperature",
        "alias": "temperature",
        "userDefined": true
      },
      {
        "text": " outside ",
        "userDefined": false
      },
      {
        "text": "now",
        "meta": "@sys.date-time",
        "alias": "date-time",
        "userDefined": true
      }
    ],
    "isTemplate": false,
    "count": 0,
    "lang": "en",
    "updated": 0
  },
  {
    "id": "8735c1fe-4944-43a9-92f3-979679b74e58",
    "data": [
      {
        "text": "at ",
        "userDefined": false
      },
      {
        "text": "New York",
        "meta": "@sys.location",
        "alias": "address",
        "userDefined": true
      },
      {
        "text": " is there ",
        "userDefined": false
      },
      {
        "text": "cold",
        "meta": "@temperature",
        "alias": "temperature",
        "userDefined": false
      }
    ],
    "isTemplate": false,
    "count": 0,
    "lang": "en",
    "updated": 0
  },
  {
    "id": "eadf538c-48f2-4425-af7c-576ec8d4cf7d",
    "data": [
      {
        "text": "today\u0027s",
        "meta": "@sys.date-time",
        "alias": "date-time",
        "userDefined": true
      },
      {
        "text": " temperature",
        "userDefined": false
      }
    ],
    "isTemplate": false,
    "count": 0,
    "lang": "en",
    "updated": 0
  },
  {
    "id": "85adc411-03e0-44aa-8cdc-8c6191c1911e",
    "data": [
      {
        "text": "what is",
        "meta": "@sys.ignore",
        "userDefined": false
      },
      {
        "text": " the temperature ",
        "userDefined": false
      },
      {
        "text": "tomorrow",
        "meta": "@sys.date-time",
        "alias": "date-time",
        "userDefined": true
      },
      {
        "text": " ",
        "userDefined": false
      },
      {
        "text": "in",
        "meta": "@sys.ignore",
        "userDefined": false
      },
      {
        "text": " ",
        "userDefined": false
      },
      {
        "text": "Campbell",
        "meta": "@sys.location",
        "alias": "address",
        "userDefined": false
      }
    ],
    "isTemplate": false,
    "count": 0,
    "lang": "en",
    "updated": 0
  },
  {
    "id": "7a23fc84-1896-4fe3-8291-cd3cc30acde3",
    "data": [
      {
        "text": "is it ",
        "userDefined": false
      },
      {
        "text": "hot",
        "meta": "@temperature",
        "alias": "temperature",
        "userDefined": true
      },
      {
        "text": " ",
        "userDefined": false
      },
      {
        "text": "now",
        "meta": "@sys.date-time",
        "alias": "date-time",
        "userDefined": true
      }
    ],
    "isTemplate": false,
    "count": 0,
    "lang": "en",
    "updated": 0
  },
  {
    "id": "cdc2e5aa-81eb-4625-b52c-f134f083af0c",
    "data": [
      {
        "text": "temperature ",
        "userDefined": false
      },
      {
        "text": "tonight",
        "meta": "@sys.date-time",
        "alias": "date-time",
        "userDefined": true
      }
    ],
    "isTemplate": false,
    "count": 0,
    "lang": "en",
    "updated": 0
  },
  {
    "id": "2922c1b0-9f8b-4bcf-929b-218e5a2bde29",
    "data": [
      {
        "text": "is it going to be ",
        "userDefined": false
      },
      {
        "text": "cold",
        "meta": "@temperature",
        "alias": "temperature",
        "userDefined": true
      },
      {
        "text": " ",
        "userDefined": false
      },
      {
        "text": "tomorrow",
        "meta": "@sys.date-time",
        "alias": "date-time",
        "userDefined": true
      },
      {
        "text": " in ",
        "userDefined": false
      },
      {
        "text": "Dresden",
        "meta": "@sys.location",
        "alias": "address",
        "userDefined": true
      }
    ],
    "isTemplate": false,
    "count": 0,
    "lang": "en",
    "updated": 0
  },
  {
    "id": "3160b43c-e0a5-4cd8-b3a1-f74f2dc05a37",
    "data": [
      {
        "text": "temperature ",
        "userDefined": false
      },
      {
        "text": "in",
        "meta": "@sys.ignore",
        "userDefined": false
      },
      {
        "text": " ",
        "userDefined": false
      },
      {
        "text": "Bangkok",
        "meta": "@sys.location",
        "alias": "address",
        "userDefined": true
      }
    ],
    "isTemplate": false,
    "count": 0,
    "lang": "en",
    "updated": 0
  },
  {
    "id": "d10c6b4c-af9c-48ab-8020-8a3664761071",
    "data": [
      {
        "text": "temperature in ",
        "userDefined": false
      },
      {
        "text": "Moscow",
        "meta": "@sys.location",
        "alias": "address",
        "userDefined": true
      }
    ],
    "isTemplate": false,
    "count": 0,
    "lang": "en",
    "updated": 0
  },
  {
    "id": "4ee92640-2c4c-446b-89d8-0c538f81e429",
    "data": [
      {
        "text": "what\u0027s the temperature ",
        "userDefined": false
      },
      {
        "text": "in",
        "meta": "@sys.ignore",
        "userDefined": false
      },
      {
        "text": " ",
        "userDefined": false
      },
      {
        "text": "Moscow",
        "meta": "@sys.location",
        "alias": "address",
        "userDefined": true
      },
      {
        "text": " in ",
        "userDefined": false
      },
      {
        "text": "Celsius",
        "meta": "@unit-temperature",
        "alias": "unit",
        "userDefined": false
      }
    ],
    "isTemplate": false,
    "count": 0,
    "lang": "en",
    "updated": 0
  },
  {
    "id": "143c80ff-641b-4f6c-8872-b245d88fe067",
    "data": [
      {
        "text": "allright is it ",
        "userDefined": false
      },
      {
        "text": "cold",
        "meta": "@temperature",
        "alias": "temperature",
        "userDefined": true
      },
      {
        "text": " ",
        "userDefined": false
      },
      {
        "text": "tonight",
        "meta": "@sys.date-time",
        "alias": "date-time",
        "userDefined": true
      },
      {
        "text": " in ",
        "userDefined": false
      },
      {
        "text": "Aspen",
        "meta": "@sys.location",
        "alias": "address",
        "userDefined": true
      }
    ],
    "isTemplate": false,
    "count": 0,
    "lang": "en",
    "updated": 0
  },
  {
    "id": "9ac8b8f3-b7b6-4389-85d7-042f2c768a45",
    "data": [
      {
        "text": "show me the temperature for ",
        "userDefined": false
      },
      {
        "text": "this weekend",
        "meta": "@sys.date-time",
        "alias": "date-time",
        "userDefined": true
      }
    ],
    "isTemplate": false,
    "count": 0,
    "lang": "en",
    "updated": 0
  },
  {
    "id": "309aeab4-5e6f-43f1-8e79-5bd11674ca54",
    "data": [
      {
        "text": "what will the temperature be on ",
        "userDefined": false
      },
      {
        "text": "Monday",
        "meta": "@sys.date-time",
        "alias": "date-time",
        "userDefined": true
      }
    ],
    "isTemplate": false,
    "count": 0,
    "lang": "en",
    "updated": 0
  },
  {
    "id": "178bed77-222a-4469-be56-c4d9ab5e8409",
    "data": [
      {
        "text": "check temperature",
        "userDefined": false
      }
    ],
    "isTemplate": false,
    "count": 0,
    "lang": "en",
    "updated": 0
  },
  {
    "id": "91e5a788-cdfb-495f-8eee-5a6a2cc91cb3",
    "data": [
      {
        "text": "how ",
        "userDefined": false
      },
      {
        "text": "cold",
        "meta": "@temperature",
        "alias": "temperature",
        "userDefined": true
      },
      {
        "text": " is it",
        "userDefined": false
      }
    ],
    "isTemplate": false,
    "count": 0,
    "lang": "en",
    "updated": 0
  },
  {
    "id": "351f1879-9b80-4c7d-b97b-94f676ea10c0",
    "data": [
      {
        "text": "is there ",
        "userDefined": false
      },
      {
        "text": "warm",
        "meta": "@temperature",
        "alias": "temperature",
        "userDefined": false
      },
      {
        "text": " ",
        "userDefined": false
      },
      {
        "text": "in",
        "meta": "@sys.ignore",
        "userDefined": false
      },
      {
        "text": " ",
        "userDefined": false
      },
      {
        "text": "New York",
        "meta": "@sys.location",
        "alias": "address",
        "userDefined": true
      }
    ],
    "isTemplate": false,
    "count": 0,
    "lang": "en",
    "updated": 0
  },
  {
    "id": "0490a1bc-c185-4399-8d71-a6f6eadf5809",
    "data": [
      {
        "text": "tell me if it\u0027s ",
        "userDefined": false
      },
      {
        "text": "cold",
        "meta": "@temperature",
        "alias": "temperature",
        "userDefined": true
      },
      {
        "text": " in ",
        "userDefined": false
      },
      {
        "text": "Oslo",
        "meta": "@sys.location",
        "alias": "address",
        "userDefined": true
      }
    ],
    "isTemplate": false,
    "count": 0,
    "lang": "en",
    "updated": 0
  },
  {
    "id": "c05727fe-1dfc-4a9d-abdd-0913340b32ba",
    "data": [
      {
        "text": "it\u0027s ",
        "userDefined": false
      },
      {
        "text": "chilly",
        "meta": "@temperature",
        "alias": "temperature",
        "userDefined": true
      },
      {
        "text": " in ",
        "userDefined": false
      },
      {
        "text": "New York",
        "meta": "@sys.location",
        "alias": "address",
        "userDefined": true
      },
      {
        "text": " right",
        "userDefined": false
      }
    ],
    "isTemplate": false,
    "count": 0,
    "lang": "en",
    "updated": 0
  },
  {
    "id": "4fa7ad18-b649-41a2-ac7c-4931a3c9ffb3",
    "data": [
      {
        "text": "in ",
        "userDefined": false
      },
      {
        "text": "New York",
        "meta": "@sys.location",
        "alias": "address",
        "userDefined": true
      },
      {
        "text": " is there ",
        "userDefined": false
      },
      {
        "text": "hot",
        "meta": "@temperature",
        "alias": "temperature",
        "userDefined": false
      }
    ],
    "isTemplate": false,
    "count": 0,
    "lang": "en",
    "updated": 0
  },
  {
    "id": "c2b143f1-19c8-44ff-8364-4d5742fc28f1",
    "data": [
      {
        "text": "what is the temperature ",
        "userDefined": false
      },
      {
        "text": "tomorrow",
        "meta": "@sys.date-time",
        "alias": "date-time",
        "userDefined": true
      },
      {
        "text": " in ",
        "userDefined": false
      },
      {
        "text": "Canberra",
        "meta": "@sys.location",
        "alias": "address",
        "userDefined": true
      }
    ],
    "isTemplate": false,
    "count": 0,
    "lang": "en",
    "updated": 0
  },
  {
    "id": "80a01286-95a0-43fb-a2f1-d93fb610096d",
    "data": [
      {
        "text": "tell me if it will be ",
        "userDefined": false
      },
      {
        "text": "hot",
        "meta": "@temperature",
        "alias": "temperature",
        "userDefined": true
      },
      {
        "text": " in ",
        "userDefined": false
      },
      {
        "text": "Ibiza",
        "meta": "@sys.location",
        "alias": "address",
        "userDefined": true
      },
      {
        "text": " ",
        "userDefined": false
      },
      {
        "text": "next weekend",
        "meta": "@sys.date-time",
        "alias": "date-time",
        "userDefined": true
      }
    ],
    "isTemplate": false,
    "count": 1,
    "lang": "en",
    "updated": 0
  },
  {
    "id": "a32135b9-22ae-4ada-a081-3a2311550061",
    "data": [
      {
        "text": "check temperature for ",
        "userDefined": false
      },
      {
        "text": "next week",
        "meta": "@sys.date-time",
        "alias": "date-time",
        "userDefined": true
      },
      {
        "text": " in ",
        "userDefined": false
      },
      {
        "text": "Budapest",
        "meta": "@sys.location",
        "alias": "address",
        "userDefined": true
      }
    ],
    "isTemplate": false,
    "count": 0,
    "lang": "en",
    "updated": 0
  },
  {
    "id": "e02bde54-f625-4222-bd57-e16e60f29cf5",
    "data": [
      {
        "text": "how ",
        "userDefined": false
      },
      {
        "text": "cold",
        "meta": "@temperature",
        "alias": "temperature",
        "userDefined": true
      },
      {
        "text": " is it supposed to be ",
        "userDefined": false
      },
      {
        "text": "this week",
        "meta": "@sys.date-time",
        "alias": "date-time",
        "userDefined": true
      }
    ],
    "isTemplate": false,
    "count": 0,
    "lang": "en",
    "updated": 0
  },
  {
    "id": "cadfa9c1-a8a8-4828-90e8-abaf2915120f",
    "data": [
      {
        "text": "show me the temperature in ",
        "userDefined": false
      },
      {
        "text": "Paris",
        "meta": "@sys.location",
        "alias": "address",
        "userDefined": true
      }
    ],
    "isTemplate": false,
    "count": 0,
    "lang": "en",
    "updated": 0
  },
  {
    "id": "3720562d-2270-46e4-89f3-16ebc6507c4a",
    "data": [
      {
        "text": "it is ",
        "userDefined": false
      },
      {
        "text": "chilly",
        "meta": "@temperature",
        "alias": "temperature",
        "userDefined": true
      },
      {
        "text": " in ",
        "userDefined": false
      },
      {
        "text": "London",
        "meta": "@sys.location",
        "alias": "address",
        "userDefined": true
      },
      {
        "text": " ",
        "userDefined": false
      },
      {
        "text": "right now",
        "meta": "@sys.date-time",
        "alias": "date-time",
        "userDefined": true
      }
    ],
    "isTemplate": false,
    "count": 0,
    "lang": "en",
    "updated": 0
  },
  {
    "id": "d751e4b6-5cc1-44f0-bfba-1c000f9dd1dd",
    "data": [
      {
        "text": "check if it\u0027s going to be ",
        "userDefined": false
      },
      {
        "text": "freezing",
        "meta": "@temperature",
        "alias": "temperature",
        "userDefined": true
      },
      {
        "text": " ",
        "userDefined": false
      },
      {
        "text": "tomorrow",
        "meta": "@sys.date-time",
        "alias": "date-time",
        "userDefined": true
      }
    ],
    "isTemplate": false,
    "count": 0,
    "lang": "en",
    "updated": 0
  },
  {
    "id": "cc675b54-ee6c-4d4b-bd07-d59ce0ae00fa",
    "data": [
      {
        "text": "how ",
        "userDefined": false
      },
      {
        "text": "cold",
        "meta": "@temperature",
        "alias": "temperature",
        "userDefined": true
      },
      {
        "text": " is it in ",
        "userDefined": false
      },
      {
        "text": "Chicago",
        "meta": "@sys.location",
        "alias": "address",
        "userDefined": true
      }
    ],
    "isTemplate": false,
    "count": 0,
    "lang": "en",
    "updated": 0
  },
  {
    "id": "9b82fadd-a9e5-45cd-9ee5-aae5a3ec8dba",
    "data": [
      {
        "text": "tell me if it will be ",
        "userDefined": false
      },
      {
        "text": "freezing",
        "meta": "@temperature",
        "alias": "temperature",
        "userDefined": true
      },
      {
        "text": " on ",
        "userDefined": false
      },
      {
        "text": "Tuesday",
        "meta": "@sys.date-time",
        "alias": "date-time",
        "userDefined": true
      }
    ],
    "isTemplate": false,
    "count": 0,
    "lang": "en",
    "updated": 0
  },
  {
    "id": "0fd6b167-4b59-4c6f-9861-750f435d21ce",
    "data": [
      {
        "text": "is it ",
        "userDefined": false
      },
      {
        "text": "hot",
        "meta": "@temperature",
        "alias": "temperature",
        "userDefined": true
      }
    ],
    "isTemplate": false,
    "count": 0,
    "lang": "en",
    "updated": 0
  },
  {
    "id": "7bb21b2a-d00d-44f5-b044-d2e137fe279d",
    "data": [
      {
        "text": "show me the temperature for ",
        "userDefined": false
      },
      {
        "text": "this weekend",
        "meta": "@sys.date-time",
        "alias": "date-time",
        "userDefined": true
      },
      {
        "text": " in ",
        "userDefined": false
      },
      {
        "text": "Los Angeles",
        "meta": "@sys.location",
        "alias": "address",
        "userDefined": true
      }
    ],
    "isTemplate": false,
    "count": 0,
    "lang": "en",
    "updated": 0
  },
  {
    "id": "57cf02a8-4c4b-42b9-9c90-67f92216ae14",
    "data": [
      {
        "text": "what\u0027s the temperature outside",
        "userDefined": false
      }
    ],
    "isTemplate": false,
    "count": 1,
    "lang": "en",
    "updated": 0
  },
  {
    "id": "3d06036d-ba07-49ec-90ae-0c32f3611cc1",
    "data": [
      {
        "text": "I\u0027d like to know the temperature on ",
        "userDefined": false
      },
      {
        "text": "June 14",
        "meta": "@sys.date-time",
        "alias": "date-time",
        "userDefined": true
      }
    ],
    "isTemplate": false,
    "count": 0,
    "lang": "en",
    "updated": 0
  },
  {
    "id": "08f220cb-9f03-4411-b07a-bb4d451a1cd7",
    "data": [
      {
        "text": "is it ",
        "userDefined": false
      },
      {
        "text": "hot",
        "meta": "@temperature",
        "alias": "temperature",
        "userDefined": true
      },
      {
        "text": " in ",
        "userDefined": false
      },
      {
        "text": "Tokyo",
        "meta": "@sys.location",
        "alias": "address",
        "userDefined": true
      }
    ],
    "isTemplate": false,
    "count": 0,
    "lang": "en",
    "updated": 0
  },
  {
    "id": "e72057dc-7900-41b0-9951-a140061b102f",
    "data": [
      {
        "text": "today\u0027s",
        "meta": "@sys.date-time",
        "alias": "date-time",
        "userDefined": true
      },
      {
        "text": " temperature in ",
        "userDefined": false
      },
      {
        "text": "Salamanca",
        "meta": "@sys.location",
        "alias": "address",
        "userDefined": true
      }
    ],
    "isTemplate": false,
    "count": 0,
    "lang": "en",
    "updated": 0
  },
  {
    "id": "12688575-0d5c-47d1-ad8b-80f452fb3d35",
    "data": [
      {
        "text": "what\u0027s the temperature in ",
        "userDefined": false
      },
      {
        "text": "Madrid",
        "meta": "@sys.location",
        "alias": "address",
        "userDefined": true
      }
    ],
    "isTemplate": false,
    "count": 0,
    "lang": "en",
    "updated": 0
  },
  {
    "id": "92048028-b7c3-4258-bb91-856aaef4fa10",
    "data": [
      {
        "text": "is ",
        "userDefined": false
      },
      {
        "text": "today",
        "meta": "@sys.date-time",
        "alias": "date-time",
        "userDefined": true
      },
      {
        "text": " a ",
        "userDefined": false
      },
      {
        "text": "hot",
        "meta": "@temperature",
        "alias": "temperature",
        "userDefined": false
      },
      {
        "text": " day",
        "userDefined": false
      }
    ],
    "isTemplate": false,
    "count": 0,
    "lang": "en",
    "updated": 0
  },
  {
    "id": "d262b7e5-0794-4b21-874a-7194002f1d5a",
    "data": [
      {
        "text": "it\u0027s ",
        "userDefined": false
      },
      {
        "text": "chilly",
        "meta": "@temperature",
        "alias": "temperature",
        "userDefined": true
      },
      {
        "text": " outside right",
        "userDefined": false
      }
    ],
    "isTemplate": false,
    "count": 0,
    "lang": "en",
    "updated": 0
  },
  {
    "id": "43a1c999-24e7-4291-8e03-7e3f4bbc9148",
    "data": [
      {
        "text": "check temperature for ",
        "userDefined": false
      },
      {
        "text": "next Friday",
        "meta": "@sys.date-time",
        "alias": "date-time",
        "userDefined": true
      }
    ],
    "isTemplate": false,
    "count": 0,
    "lang": "en",
    "updated": 0
  },
  {
    "id": "16b88c13-2aa5-4ab9-9f68-7f9c65db51d8",
    "data": [
      {
        "text": "how ",
        "userDefined": false
      },
      {
        "text": "cold",
        "meta": "@temperature",
        "alias": "temperature",
        "userDefined": true
      },
      {
        "text": " is it supposed to be ",
        "userDefined": false
      },
      {
        "text": "this Sunday",
        "meta": "@sys.date-time",
        "alias": "date-time",
        "userDefined": true
      },
      {
        "text": " in ",
        "userDefined": false
      },
      {
        "text": "Mountain View",
        "meta": "@sys.location",
        "alias": "address",
        "userDefined": true
      }
    ],
    "isTemplate": false,
    "count": 1,
    "lang": "en",
    "updated": 0
  }
]