[
  {
    "id": "988128e7-4c4c-4280-b29b-1c7e5440bac3",
    "data": [
      {
        "text": "兩天後",
        "meta": "@sys.date-time",
        "alias": "date-time",
        "userDefined": true
      },
      {
        "text": "的天氣會不會很",
        "userDefined": false
      },
      {
        "text": "寒冷",
        "meta": "@temperature",
        "alias": "temperature",
        "userDefined": true
      },
      {
        "text": "嗎",
        "userDefined": false
      }
    ],
    "isTemplate": false,
    "count": 0,
    "lang": "zh-hk",
    "updated": 0
  },
  {
    "id": "2b045bba-23c3-4fe3-9024-f6842f877112",
    "data": [
      {
        "text": "爲什麽",
        "userDefined": false
      },
      {
        "text": "下星期一",
        "meta": "@sys.date-time",
        "alias": "date-time",
        "userDefined": false
      },
      {
        "text": "馬來西亞",
        "meta": "@sys.address",
        "alias": "address",
        "userDefined": true
      },
      {
        "text": "天氣那麽",
        "userDefined": false
      },
      {
        "text": "涼快",
        "meta": "@temperature",
        "alias": "temperature",
        "userDefined": false
      }
    ],
    "isTemplate": false,
    "count": 0,
    "lang": "zh-hk",
    "updated": 0
  },
  {
    "id": "7bb7486e-a13b-4158-afc8-3bcc8c4a1362",
    "data": [
      {
        "text": "明天",
        "meta": "@sys.date-time",
        "alias": "date-time",
        "userDefined": false
      },
      {
        "text": "上海",
        "meta": "@sys.address",
        "alias": "address",
        "userDefined": false
      },
      {
        "text": "的溫度如何",
        "userDefined": false
      }
    ],
    "isTemplate": false,
    "count": 0,
    "lang": "zh-hk",
    "updated": 0
  },
  {
    "id": "f4fd2416-817a-4bef-b5fc-8b05bb2273ec",
    "data": [
      {
        "text": "明天",
        "meta": "@sys.date-time",
        "alias": "date-time",
        "userDefined": true
      },
      {
        "text": "的天氣是不是很",
        "userDefined": false
      },
      {
        "text": "暖",
        "meta": "@temperature",
        "alias": "temperature",
        "userDefined": true
      },
      {
        "text": "嗎",
        "userDefined": false
      }
    ],
    "isTemplate": false,
    "count": 0,
    "lang": "zh-hk",
    "updated": 0
  },
  {
    "id": "5c4e436b-a697-40b1-9d57-893b20083d6e",
    "data": [
      {
        "text": "我最近的天氣是不是很",
        "userDefined": false
      },
      {
        "text": "冷",
        "meta": "@temperature",
        "alias": "temperature",
        "userDefined": false
      }
    ],
    "isTemplate": false,
    "count": 0,
    "lang": "zh-hk",
    "updated": 0
  },
  {
    "id": "79bc4a5f-40c6-4efe-841f-671a9103efb7",
    "data": [
      {
        "text": "天氣是不是很",
        "userDefined": false
      },
      {
        "text": "涼快",
        "meta": "@temperature",
        "alias": "temperature",
        "userDefined": true
      }
    ],
    "isTemplate": false,
    "count": 0,
    "lang": "zh-hk",
    "updated": 0
  },
  {
    "id": "6a364687-da9a-47e4-b865-aeb7b0ec5209",
    "data": [
      {
        "text": "天氣會很",
        "userDefined": false
      },
      {
        "text": "溫和",
        "meta": "@temperature",
        "alias": "temperature",
        "userDefined": true
      },
      {
        "text": "嗎",
        "userDefined": false
      }
    ],
    "isTemplate": false,
    "count": 0,
    "lang": "zh-hk",
    "updated": 0
  },
  {
    "id": "af0e5b65-6c92-4d81-98ee-a2e89bbe6a67",
    "data": [
      {
        "text": "就讓你問他",
        "userDefined": false
      },
      {
        "text": "今天",
        "meta": "@sys.date-time",
        "alias": "date-time",
        "userDefined": false
      },
      {
        "text": "天氣幾度",
        "userDefined": false
      }
    ],
    "isTemplate": false,
    "count": 0,
    "lang": "zh-hk",
    "updated": 0
  },
  {
    "id": "6702de52-4acf-4231-9862-7ecadf516d86",
    "data": [
      {
        "text": "上海",
        "meta": "@sys.address",
        "alias": "address",
        "userDefined": true
      },
      {
        "text": "多",
        "userDefined": false
      },
      {
        "text": "熱",
        "meta": "@temperature",
        "alias": "temperature",
        "userDefined": true
      }
    ],
    "isTemplate": false,
    "count": 0,
    "lang": "zh-hk",
    "updated": 0
  },
  {
    "id": "43300db0-8539-43e1-98cd-08f90eb088de",
    "data": [
      {
        "text": "攝氏度",
        "meta": "@unit-temperature",
        "alias": "unit",
        "userDefined": true
      },
      {
        "text": "天氣預報",
        "userDefined": false
      }
    ],
    "isTemplate": false,
    "count": 0,
    "lang": "zh-hk",
    "updated": 0
  },
  {
    "id": "b9ab7569-124d-4b71-854a-e8491e3ecb9c",
    "data": [
      {
        "text": "明天",
        "meta": "@sys.date-time",
        "alias": "date-time",
        "userDefined": false
      },
      {
        "text": "馬來西亞",
        "meta": "@sys.address",
        "alias": "address",
        "userDefined": true
      },
      {
        "text": "最近的天氣是不是很",
        "userDefined": false
      },
      {
        "text": "冷",
        "meta": "@temperature",
        "alias": "temperature",
        "userDefined": false
      }
    ],
    "isTemplate": false,
    "count": 0,
    "lang": "zh-hk",
    "updated": 0
  },
  {
    "id": "17459abb-261f-44c7-b1bc-420eaf3cde49",
    "data": [
      {
        "text": "今天",
        "meta": "@sys.date-time",
        "alias": "date-time",
        "userDefined": true
      },
      {
        "text": "天氣很",
        "userDefined": false
      },
      {
        "text": "熱",
        "meta": "@temperature",
        "alias": "temperature",
        "userDefined": true
      },
      {
        "text": "耶",
        "userDefined": false
      }
    ],
    "isTemplate": false,
    "count": 0,
    "lang": "zh-hk",
    "updated": 0
  },
  {
    "id": "1aaa17da-8d1d-4689-a9ce-58b9862b5843",
    "data": [
      {
        "text": "明天",
        "meta": "@sys.date-time",
        "alias": "date-time",
        "userDefined": true
      },
      {
        "text": "的天氣會很",
        "userDefined": false
      },
      {
        "text": "溫和",
        "meta": "@temperature",
        "alias": "temperature",
        "userDefined": true
      },
      {
        "text": "嗎",
        "userDefined": false
      }
    ],
    "isTemplate": false,
    "count": 0,
    "lang": "zh-hk",
    "updated": 0
  },
  {
    "id": "ca5a1958-610c-453d-93d7-51788c3e4f0d",
    "data": [
      {
        "text": "上海",
        "meta": "@sys.address",
        "alias": "address",
        "userDefined": false
      },
      {
        "text": "三天後",
        "meta": "@sys.date-time",
        "alias": "date-time",
        "userDefined": false
      },
      {
        "text": "多少度",
        "userDefined": false
      }
    ],
    "isTemplate": false,
    "count": 0,
    "lang": "zh-hk",
    "updated": 0
  },
  {
    "id": "f8db68f4-ab87-42a4-b7fc-bd355580e96c",
    "data": [
      {
        "text": "下星期日",
        "meta": "@sys.date-time",
        "alias": "date-time",
        "userDefined": false
      },
      {
        "text": "馬來西亞",
        "meta": "@sys.address",
        "alias": "address",
        "userDefined": true
      },
      {
        "text": "的天氣會很",
        "userDefined": false
      },
      {
        "text": "熱",
        "meta": "@temperature",
        "alias": "temperature",
        "userDefined": false
      },
      {
        "text": "嗎",
        "userDefined": false
      }
    ],
    "isTemplate": false,
    "count": 0,
    "lang": "zh-hk",
    "updated": 0
  },
  {
    "id": "fa35c2c6-1725-450d-9d9e-3ca756af8886",
    "data": [
      {
        "text": "上海",
        "meta": "@sys.address",
        "alias": "address",
        "userDefined": false
      },
      {
        "text": "啥溫度",
        "userDefined": false
      }
    ],
    "isTemplate": false,
    "count": 0,
    "lang": "zh-hk",
    "updated": 0
  },
  {
    "id": "185badfa-013a-41fe-bb61-8d495a689b15",
    "data": [
      {
        "text": "你知道現在外面",
        "userDefined": false
      },
      {
        "text": "冷",
        "meta": "@temperature",
        "alias": "temperature",
        "userDefined": false
      },
      {
        "text": "不",
        "userDefined": false
      },
      {
        "text": "冷",
        "meta": "@sys.ignore",
        "userDefined": false
      }
    ],
    "isTemplate": false,
    "count": 1,
    "lang": "zh-hk",
    "updated": 0
  },
  {
    "id": "ea98eef8-aab2-4b1c-b032-51dd23afd38c",
    "data": [
      {
        "text": "台北市",
        "meta": "@sys.address",
        "alias": "address",
        "userDefined": false
      },
      {
        "text": "溫度",
        "userDefined": false
      }
    ],
    "isTemplate": false,
    "count": 0,
    "lang": "zh-hk",
    "updated": 0
  },
  {
    "id": "17dd3a5a-5c38-4acc-b073-eddd479e182b",
    "data": [
      {
        "text": "今天",
        "meta": "@sys.date-time",
        "alias": "date-time",
        "userDefined": false
      },
      {
        "text": "上海",
        "meta": "@sys.address",
        "alias": "address",
        "userDefined": false
      },
      {
        "text": "的氣溫如何",
        "userDefined": false
      }
    ],
    "isTemplate": false,
    "count": 0,
    "lang": "zh-hk",
    "updated": 0
  },
  {
    "id": "d23d6229-f6c5-41d2-a70b-82b25ed3ea47",
    "data": [
      {
        "text": "台南市南區",
        "meta": "@sys.address",
        "alias": "address",
        "userDefined": false
      },
      {
        "text": "幾度",
        "userDefined": false
      }
    ],
    "isTemplate": false,
    "count": 0,
    "lang": "zh-hk",
    "updated": 0
  },
  {
    "id": "32ff55ae-060f-4a08-a986-31a9cec1fd29",
    "data": [
      {
        "text": "爲什麽天氣那麽",
        "userDefined": false
      },
      {
        "text": "寒冷",
        "meta": "@temperature",
        "alias": "temperature",
        "userDefined": true
      }
    ],
    "isTemplate": false,
    "count": 0,
    "lang": "zh-hk",
    "updated": 0
  },
  {
    "id": "bd5fe973-edd3-416e-b6e7-3a68a37a91f2",
    "data": [
      {
        "text": "台北",
        "meta": "@sys.address",
        "alias": "address",
        "userDefined": false
      },
      {
        "text": "溫度",
        "userDefined": false
      }
    ],
    "isTemplate": false,
    "count": 0,
    "lang": "zh-hk",
    "updated": 0
  },
  {
    "id": "f07bd3ef-28f3-4269-ad56-5711feb7d4b7",
    "data": [
      {
        "text": "天氣很",
        "userDefined": false
      },
      {
        "text": "冷",
        "meta": "@temperature",
        "alias": "temperature",
        "userDefined": true
      }
    ],
    "isTemplate": false,
    "count": 0,
    "lang": "zh-hk",
    "updated": 0
  },
  {
    "id": "82b6f647-f5a4-4521-acd6-132e5d41d055",
    "data": [
      {
        "text": "天氣會不會很",
        "userDefined": false
      },
      {
        "text": "熱",
        "meta": "@temperature",
        "alias": "temperature",
        "userDefined": true
      }
    ],
    "isTemplate": false,
    "count": 0,
    "lang": "zh-hk",
    "updated": 0
  },
  {
    "id": "49d5a264-1442-4f9a-96f6-b62b2242324a",
    "data": [
      {
        "text": "台南市南區",
        "meta": "@sys.address",
        "alias": "address",
        "userDefined": false
      },
      {
        "text": "現在幾度",
        "userDefined": false
      }
    ],
    "isTemplate": false,
    "count": 0,
    "lang": "zh-hk",
    "updated": 0
  }
]