[
  {
    "id": "6e2e7b4e-45e9-443b-a112-2814da53ffd2",
    "data": [
      {
        "text": "明日",
        "meta": "@sys.date-time",
        "alias": "date-time",
        "userDefined": true
      },
      {
        "text": "の",
        "userDefined": false
      },
      {
        "text": "横浜",
        "meta": "@sys.location",
        "alias": "address",
        "userDefined": true
      },
      {
        "text": "の気温は何ですか",
        "userDefined": false
      }
    ],
    "isTemplate": false,
    "count": 0,
    "lang": "ja",
    "updated": 0
  },
  {
    "id": "f0c56e5e-4f19-4338-997f-dcfd9280e690",
    "data": [
      {
        "text": "明日",
        "meta": "@sys.date-time",
        "alias": "date-time",
        "userDefined": true
      },
      {
        "text": "の気温は何度ですか",
        "userDefined": false
      }
    ],
    "isTemplate": false,
    "count": 0,
    "lang": "ja",
    "updated": 0
  },
  {
    "id": "40d20155-2f76-4224-b1bc-5b5f1427695c",
    "data": [
      {
        "text": "今週の日曜日",
        "meta": "@sys.date-time",
        "alias": "date-time",
        "userDefined": true
      },
      {
        "text": "、",
        "userDefined": false
      },
      {
        "text": "札幌",
        "meta": "@sys.location",
        "alias": "address",
        "userDefined": true
      },
      {
        "text": "はどのくらい",
        "userDefined": false
      },
      {
        "text": "寒く",
        "meta": "@temperature",
        "alias": "temperature",
        "userDefined": true
      },
      {
        "text": "なる予報",
        "userDefined": false
      }
    ],
    "isTemplate": false,
    "count": 0,
    "lang": "ja",
    "updated": 0
  },
  {
    "id": "6175b910-55cb-4380-ac4b-a9a49dcca389",
    "data": [
      {
        "text": "ニューヨーク",
        "meta": "@sys.location",
        "alias": "address",
        "userDefined": true
      },
      {
        "text": "は",
        "userDefined": false
      },
      {
        "text": "寒い",
        "meta": "@temperature",
        "alias": "temperature",
        "userDefined": true
      },
      {
        "text": "ですか",
        "userDefined": false
      }
    ],
    "isTemplate": false,
    "count": 0,
    "lang": "ja",
    "updated": 0
  },
  {
    "id": "a0e5bc42-d3e5-4c13-9204-9a4e8a2c3f2b",
    "data": [
      {
        "text": "明日",
        "meta": "@sys.date-time",
        "alias": "date-time",
        "userDefined": true
      },
      {
        "text": "の",
        "userDefined": false
      },
      {
        "text": "川崎市",
        "meta": "@sys.location",
        "alias": "address",
        "userDefined": true
      },
      {
        "text": "の気温は",
        "userDefined": false
      }
    ],
    "isTemplate": false,
    "count": 0,
    "lang": "ja",
    "updated": 0
  },
  {
    "id": "1796b028-0b36-434a-ba72-e44a1007b92f",
    "data": [
      {
        "text": "バンコク",
        "meta": "@sys.location",
        "alias": "address",
        "userDefined": true
      },
      {
        "text": "の気温",
        "userDefined": false
      }
    ],
    "isTemplate": false,
    "count": 0,
    "lang": "ja",
    "updated": 0
  },
  {
    "id": "80350cf2-13f4-47ec-bb4e-0622f5d89bce",
    "data": [
      {
        "text": "今日",
        "meta": "@sys.date-time",
        "alias": "date-time",
        "userDefined": true
      },
      {
        "text": "は",
        "userDefined": false
      },
      {
        "text": "暑い",
        "meta": "@temperature",
        "alias": "temperature",
        "userDefined": true
      },
      {
        "text": "ですか",
        "userDefined": false
      }
    ],
    "isTemplate": false,
    "count": 0,
    "lang": "ja",
    "updated": 0
  },
  {
    "id": "ad35ee9b-4b2d-447c-bcb4-687cbda01d8f",
    "data": [
      {
        "text": "今、外が",
        "userDefined": false
      },
      {
        "text": "寒い",
        "meta": "@temperature",
        "alias": "temperature",
        "userDefined": true
      },
      {
        "text": "かどうかわかる",
        "userDefined": false
      }
    ],
    "isTemplate": false,
    "count": 0,
    "lang": "ja",
    "updated": 0
  },
  {
    "id": "51db5e16-7507-4932-b1dc-45999167fadf",
    "data": [
      {
        "text": "沖縄",
        "meta": "@sys.location",
        "alias": "address",
        "userDefined": true
      },
      {
        "text": "は",
        "userDefined": false
      },
      {
        "text": "暑い",
        "meta": "@temperature",
        "alias": "temperature",
        "userDefined": true
      }
    ],
    "isTemplate": false,
    "count": 0,
    "lang": "ja",
    "updated": 0
  },
  {
    "id": "a466644d-29df-48b6-b79c-b2d6afd04870",
    "data": [
      {
        "text": "パリ",
        "meta": "@sys.location",
        "alias": "address",
        "userDefined": true
      },
      {
        "text": "は",
        "userDefined": false
      },
      {
        "text": "暖かい",
        "meta": "@temperature",
        "alias": "temperature",
        "userDefined": true
      },
      {
        "text": "の",
        "userDefined": false
      }
    ],
    "isTemplate": false,
    "count": 0,
    "lang": "ja",
    "updated": 0
  },
  {
    "id": "87e6d40a-e5d7-42b2-9d6f-0c2ff77e288a",
    "data": [
      {
        "text": "温度",
        "userDefined": false
      }
    ],
    "isTemplate": false,
    "count": 0,
    "lang": "ja",
    "updated": 0
  },
  {
    "id": "a7bcbff5-286a-4bfc-a630-55414bb02383",
    "data": [
      {
        "text": "千葉市",
        "meta": "@sys.location",
        "alias": "address",
        "userDefined": true
      },
      {
        "text": "の気温を",
        "userDefined": false
      },
      {
        "text": "華氏",
        "meta": "@unit-temperature",
        "alias": "unit",
        "userDefined": true
      },
      {
        "text": "で教えてください",
        "userDefined": false
      }
    ],
    "isTemplate": false,
    "count": 0,
    "lang": "ja",
    "updated": 0
  }
]