[
  {
    "id": "db500658-486b-411d-9879-d5ab07ebc7f0",
    "data": [
      {
        "text": "und",
        "meta": "@sys.ignore",
        "userDefined": false
      },
      {
        "text": " für ",
        "userDefined": false
      },
      {
        "text": "New York",
        "meta": "@sys.location",
        "alias": "address",
        "userDefined": false
      }
    ],
    "isTemplate": false,
    "count": 0,
    "lang": "de",
    "updated": 0
  },
  {
    "id": "22c652df-f94f-4271-9daf-d3fc3b28f65c",
    "data": [
      {
        "text": "und",
        "meta": "@sys.ignore",
        "userDefined": false
      },
      {
        "text": " ",
        "userDefined": false
      },
      {
        "text": "in",
        "meta": "@sys.ignore",
        "userDefined": false
      },
      {
        "text": " ",
        "userDefined": false
      },
      {
        "text": "London",
        "meta": "@sys.location",
        "alias": "address",
        "userDefined": true
      }
    ],
    "isTemplate": false,
    "count": 0,
    "lang": "de",
    "updated": 0
  },
  {
    "id": "74add1f7-4e30-4f73-803a-2c81d7416741",
    "data": [
      {
        "text": "wie sieht es in ",
        "userDefined": false
      },
      {
        "text": "Salzburg",
        "meta": "@sys.location",
        "alias": "address",
        "userDefined": true
      },
      {
        "text": " aus",
        "userDefined": false
      }
    ],
    "isTemplate": false,
    "count": 0,
    "lang": "de",
    "updated": 0
  },
  {
    "id": "73f824d5-bee6-4fa1-82f7-0fb964c1cd76",
    "data": [
      {
        "text": "und",
        "meta": "@sys.ignore",
        "userDefined": false
      },
      {
        "text": " in ",
        "userDefined": false
      },
      {
        "text": "Basel",
        "meta": "@sys.location",
        "alias": "address",
        "userDefined": false
      }
    ],
    "isTemplate": false,
    "count": 0,
    "lang": "de",
    "updated": 0
  },
  {
    "id": "80d2f0e3-7cd8-47c3-8cfc-8d480c1ce209",
    "data": [
      {
        "text": "und in ",
        "userDefined": false
      },
      {
        "text": "Berlin",
        "meta": "@sys.location",
        "alias": "address",
        "userDefined": true
      }
    ],
    "isTemplate": false,
    "count": 0,
    "lang": "de",
    "updated": 0
  },
  {
    "id": "e07dbada-02e4-4ee5-b6da-96819cb45ae3",
    "data": [
      {
        "text": "und ",
        "userDefined": false
      },
      {
        "text": "Paris",
        "meta": "@sys.location",
        "alias": "address",
        "userDefined": false
      }
    ],
    "isTemplate": false,
    "count": 0,
    "lang": "de",
    "updated": 0
  },
  {
    "id": "79e5da9a-1cbe-4f85-842d-e8b9790421e8",
    "data": [
      {
        "text": "und auch für ",
        "userDefined": false
      },
      {
        "text": "Dresden",
        "meta": "@sys.location",
        "alias": "address",
        "userDefined": true
      }
    ],
    "isTemplate": false,
    "count": 0,
    "lang": "de",
    "updated": 0
  },
  {
    "id": "aef2ce3c-4801-4828-a20f-4469ed05b669",
    "data": [
      {
        "text": "und für ",
        "userDefined": false
      },
      {
        "text": "Berlin",
        "meta": "@sys.location",
        "alias": "address",
        "userDefined": false
      }
    ],
    "isTemplate": false,
    "count": 0,
    "lang": "de",
    "updated": 0
  },
  {
    "id": "2808eca5-b159-4983-a276-f58b2403ffb9",
    "data": [
      {
        "text": "und auch für ",
        "userDefined": false
      },
      {
        "text": "New York",
        "meta": "@sys.location",
        "alias": "address",
        "userDefined": true
      }
    ],
    "isTemplate": false,
    "count": 0,
    "lang": "de",
    "updated": 0
  },
  {
    "id": "131b861e-6894-4cc5-9d93-57e22bcf231f",
    "data": [
      {
        "text": "und ",
        "userDefined": false
      },
      {
        "text": "Dresden",
        "meta": "@sys.location",
        "alias": "address",
        "userDefined": true
      }
    ],
    "isTemplate": false,
    "count": 0,
    "lang": "de",
    "updated": 0
  }
]