[
  {
    "id": "1c4d1bcc-30e7-47c3-8d1b-c978e37a3f02",
    "data": [
      {
        "text": "fait-il beau pour que je puisse porter ",
        "userDefined": false
      },
      {
        "text": "une",
        "meta": "@sys.ignore",
        "userDefined": false
      },
      {
        "text": " ",
        "userDefined": false
      },
      {
        "text": "robe",
        "meta": "@outfit",
        "alias": "outfit",
        "userDefined": false
      },
      {
        "text": " ",
        "userDefined": false
      },
      {
        "text": "aujourd\u0027hui",
        "meta": "@sys.date-time",
        "alias": "date-time",
        "userDefined": false
      }
    ],
    "isTemplate": false,
    "count": 0,
    "lang": "fr",
    "updated": 0
  },
  {
    "id": "fa710bd4-2b0a-4a68-b037-1ad75be8bb42",
    "data": [
      {
        "text": "puis-je mettre un ",
        "userDefined": false
      },
      {
        "text": "short",
        "meta": "@outfit",
        "alias": "outfit",
        "userDefined": false
      },
      {
        "text": " ",
        "userDefined": false
      },
      {
        "text": "aujourd\u0027hui",
        "meta": "@sys.date-time",
        "alias": "date-time",
        "userDefined": false
      },
      {
        "text": " pour ",
        "userDefined": false
      },
      {
        "text": "me",
        "meta": "@sys.ignore",
        "userDefined": false
      },
      {
        "text": " promener à ",
        "userDefined": false
      },
      {
        "text": "Tours",
        "meta": "@sys.location",
        "alias": "address",
        "userDefined": false
      }
    ],
    "isTemplate": false,
    "count": 0,
    "lang": "fr",
    "updated": 0
  },
  {
    "id": "dc1b6d35-16b9-45f9-ba27-b242c89563b2",
    "data": [
      {
        "text": "dois-je prendre ",
        "userDefined": false
      },
      {
        "text": "un",
        "meta": "@sys.ignore",
        "userDefined": false
      },
      {
        "text": " ",
        "userDefined": false
      },
      {
        "text": "parapluie",
        "meta": "@outfit",
        "alias": "outfit",
        "userDefined": false
      },
      {
        "text": " avec ",
        "userDefined": false
      },
      {
        "text": "moi",
        "meta": "@sys.ignore",
        "userDefined": false
      }
    ],
    "isTemplate": false,
    "count": 0,
    "lang": "fr",
    "updated": 0
  },
  {
    "id": "eb443709-1e3f-4bcc-9ce0-314b13c27dd6",
    "data": [
      {
        "text": "est-ce que le temps est bon pour porter ",
        "userDefined": false
      },
      {
        "text": "ma",
        "meta": "@sys.ignore",
        "userDefined": false
      },
      {
        "text": " ",
        "userDefined": false
      },
      {
        "text": "robe",
        "meta": "@outfit",
        "alias": "outfit",
        "userDefined": false
      }
    ],
    "isTemplate": false,
    "count": 0,
    "lang": "fr",
    "updated": 0
  },
  {
    "id": "88615cd7-da2d-4411-8c8f-3a7847878076",
    "data": [
      {
        "text": "faut-il que je prenne mes ",
        "userDefined": false
      },
      {
        "text": "gants",
        "meta": "@outfit",
        "alias": "outfit",
        "userDefined": false
      },
      {
        "text": " pour aller à ",
        "userDefined": false
      },
      {
        "text": "Nantes",
        "meta": "@sys.location",
        "alias": "address",
        "userDefined": false
      }
    ],
    "isTemplate": false,
    "count": 0,
    "lang": "fr",
    "updated": 0
  },
  {
    "id": "6493d645-1c93-4620-8b5b-cfba452d39a5",
    "data": [
      {
        "text": "fait-il assez ",
        "userDefined": false
      },
      {
        "text": "froid",
        "meta": "@sys.ignore",
        "userDefined": false
      },
      {
        "text": " pour que je puisse mettre ",
        "userDefined": false
      },
      {
        "text": "mon",
        "meta": "@sys.ignore",
        "userDefined": false
      },
      {
        "text": " nouveau ",
        "userDefined": false
      },
      {
        "text": "chapeau",
        "meta": "@outfit",
        "alias": "outfit",
        "userDefined": false
      }
    ],
    "isTemplate": false,
    "count": 0,
    "lang": "fr",
    "updated": 0
  },
  {
    "id": "401e9688-1258-4ed9-ac4a-73664875fd4c",
    "data": [
      {
        "text": "est-ce que ",
        "userDefined": false
      },
      {
        "text": "j",
        "meta": "@sys.ignore",
        "userDefined": false
      },
      {
        "text": "\u0027",
        "userDefined": false
      },
      {
        "text": "ai",
        "meta": "@sys.ignore",
        "userDefined": false
      },
      {
        "text": " besoin ",
        "userDefined": false
      },
      {
        "text": "de",
        "meta": "@sys.ignore",
        "userDefined": false
      },
      {
        "text": " mettre ",
        "userDefined": false
      },
      {
        "text": "des",
        "meta": "@sys.ignore",
        "userDefined": false
      },
      {
        "text": " ",
        "userDefined": false
      },
      {
        "text": "gants",
        "meta": "@outfit",
        "alias": "outfit",
        "userDefined": false
      },
      {
        "text": " ",
        "userDefined": false
      },
      {
        "text": "aujourd\u0027hui",
        "meta": "@sys.date-time",
        "alias": "date-time",
        "userDefined": true
      },
      {
        "text": " à ",
        "userDefined": false
      },
      {
        "text": "Paris",
        "meta": "@sys.location",
        "alias": "address",
        "userDefined": false
      }
    ],
    "isTemplate": false,
    "count": 0,
    "lang": "fr",
    "updated": 0
  },
  {
    "id": "d012586c-3e76-4623-b23e-133a135389bf",
    "data": [
      {
        "text": "est-ce qu\u0027",
        "userDefined": false
      },
      {
        "text": "il",
        "meta": "@sys.ignore",
        "userDefined": false
      },
      {
        "text": " faut que je mette ",
        "userDefined": false
      },
      {
        "text": "mon",
        "meta": "@sys.ignore",
        "userDefined": false
      },
      {
        "text": " ",
        "userDefined": false
      },
      {
        "text": "cardigan",
        "meta": "@outfit",
        "alias": "outfit",
        "userDefined": false
      }
    ],
    "isTemplate": false,
    "count": 0,
    "lang": "fr",
    "updated": 0
  },
  {
    "id": "32c532be-dd67-4738-a861-b7089bb42e8d",
    "data": [
      {
        "text": "devrais-je prendre mes ",
        "userDefined": false
      },
      {
        "text": "lunettes de soleil",
        "meta": "@outfit",
        "alias": "outfit",
        "userDefined": false
      }
    ],
    "isTemplate": false,
    "count": 0,
    "lang": "fr",
    "updated": 0
  },
  {
    "id": "d50261d5-e4c0-4896-83da-16c985b696bf",
    "data": [
      {
        "text": "faut-il mettre ",
        "userDefined": false
      },
      {
        "text": "ma",
        "meta": "@sys.ignore",
        "userDefined": false
      },
      {
        "text": " ",
        "userDefined": false
      },
      {
        "text": "veste",
        "meta": "@outfit",
        "alias": "outfit",
        "userDefined": false
      },
      {
        "text": " ",
        "userDefined": false
      },
      {
        "text": "demain",
        "meta": "@sys.date-time",
        "alias": "date-time",
        "userDefined": false
      }
    ],
    "isTemplate": false,
    "count": 0,
    "lang": "fr",
    "updated": 0
  }
]