[
  {
    "id": "a7aa459b-544d-49bd-a556-570e5a5e775c",
    "data": [
      {
        "text": "關于",
        "userDefined": false
      },
      {
        "text": "廈門",
        "meta": "@sys.address",
        "alias": "address",
        "userDefined": false
      }
    ],
    "isTemplate": false,
    "count": 0,
    "lang": "zh-hk",
    "updated": 0
  },
  {
    "id": "7a0eb175-051f-450a-b2da-73c1d1717354",
    "data": [
      {
        "text": "還在",
        "userDefined": false
      },
      {
        "text": "上海",
        "meta": "@sys.address",
        "alias": "address",
        "userDefined": true
      }
    ],
    "isTemplate": false,
    "count": 0,
    "lang": "zh-hk",
    "updated": 0
  },
  {
    "id": "e00a31d9-485a-4ce6-aa87-7428ce53273a",
    "data": [
      {
        "text": "在",
        "userDefined": false
      },
      {
        "text": "香港",
        "meta": "@sys.address",
        "alias": "address",
        "userDefined": false
      },
      {
        "text": "呢",
        "userDefined": false
      }
    ],
    "isTemplate": false,
    "count": 0,
    "lang": "zh-hk",
    "updated": 0
  },
  {
    "id": "e4a3efc7-1a16-47c3-a94b-63548377859a",
    "data": [
      {
        "text": "告訴我在",
        "userDefined": false
      },
      {
        "text": "廣州",
        "meta": "@sys.address",
        "alias": "address",
        "userDefined": false
      }
    ],
    "isTemplate": false,
    "count": 0,
    "lang": "zh-hk",
    "updated": 0
  },
  {
    "id": "568b60f6-0c9a-49fe-8a03-ec4b8750be03",
    "data": [
      {
        "text": "還在",
        "userDefined": false
      },
      {
        "text": "武漢",
        "meta": "@sys.address",
        "alias": "address",
        "userDefined": false
      },
      {
        "text": "呢",
        "userDefined": false
      }
    ],
    "isTemplate": false,
    "count": 0,
    "lang": "zh-hk",
    "updated": 0
  },
  {
    "id": "d033852b-eb09-4609-a57b-03e58a0d5030",
    "data": [
      {
        "text": "在",
        "userDefined": false
      },
      {
        "text": "北京",
        "meta": "@sys.address",
        "alias": "address",
        "userDefined": false
      }
    ],
    "isTemplate": false,
    "count": 0,
    "lang": "zh-hk",
    "updated": 0
  },
  {
    "id": "aa25764d-4a46-4d0a-8bc9-814af2d32429",
    "data": [
      {
        "text": "告訴我在",
        "userDefined": false
      },
      {
        "text": "廣州",
        "meta": "@sys.address",
        "alias": "address",
        "userDefined": false
      },
      {
        "text": "怎麽樣",
        "userDefined": false
      }
    ],
    "isTemplate": false,
    "count": 0,
    "lang": "zh-hk",
    "updated": 0
  },
  {
    "id": "49928628-bbbc-4c23-9130-10d5a12f20b1",
    "data": [
      {
        "text": "還在",
        "userDefined": false
      },
      {
        "text": "甯波",
        "meta": "@sys.address",
        "alias": "address",
        "userDefined": true
      }
    ],
    "isTemplate": false,
    "count": 0,
    "lang": "zh-hk",
    "updated": 0
  },
  {
    "id": "91113179-0e45-4a2d-ba2a-2ca45de16c12",
    "data": [
      {
        "text": "在",
        "userDefined": false
      },
      {
        "text": "杭州",
        "meta": "@sys.address",
        "alias": "address",
        "userDefined": true
      }
    ],
    "isTemplate": false,
    "count": 0,
    "lang": "zh-hk",
    "updated": 0
  },
  {
    "id": "6b5dd085-c206-409d-903e-0c17b33707db",
    "data": [
      {
        "text": "在",
        "userDefined": false
      },
      {
        "text": "遼甯",
        "meta": "@sys.address",
        "alias": "address",
        "userDefined": false
      },
      {
        "text": "嗎",
        "userDefined": false
      }
    ],
    "isTemplate": false,
    "count": 0,
    "lang": "zh-hk",
    "updated": 0
  }
]