[
  {
    "id": "9943c841-cecc-439a-9a52-8acd0a956010",
    "data": [
      {
        "text": "東京",
        "meta": "@sys.location",
        "alias": "address",
        "userDefined": true
      },
      {
        "text": "で",
        "userDefined": false
      },
      {
        "text": "傘",
        "meta": "@outfit",
        "alias": "outfit",
        "userDefined": true
      },
      {
        "text": "は必要なの",
        "userDefined": false
      }
    ],
    "isTemplate": false,
    "count": 1,
    "lang": "ja",
    "updated": 0
  },
  {
    "id": "edbc64c6-45af-4c55-8c3f-b6ec07c1009a",
    "data": [
      {
        "text": "今日",
        "meta": "@sys.date-time",
        "alias": "date-time",
        "userDefined": true
      },
      {
        "text": "は",
        "userDefined": false
      },
      {
        "text": "上着",
        "meta": "@outfit",
        "alias": "outfit",
        "userDefined": true
      },
      {
        "text": "を着たほうがいい",
        "userDefined": false
      }
    ],
    "isTemplate": false,
    "count": 0,
    "lang": "ja",
    "updated": 0
  },
  {
    "id": "207016a2-6003-4c3e-baff-c678bf6e4827",
    "data": [
      {
        "text": "明日",
        "meta": "@sys.date-time",
        "alias": "date-time",
        "userDefined": true
      },
      {
        "text": "は",
        "userDefined": false
      },
      {
        "text": "サングラス",
        "meta": "@outfit",
        "alias": "outfit",
        "userDefined": true
      },
      {
        "text": "があったほうがいい",
        "userDefined": false
      }
    ],
    "isTemplate": false,
    "count": 0,
    "lang": "ja",
    "updated": 0
  },
  {
    "id": "c06d96ea-01ad-44be-ae19-1d78d54a5aba",
    "data": [
      {
        "text": "今週末",
        "meta": "@sys.date-time",
        "alias": "date-time",
        "userDefined": true
      },
      {
        "text": "は",
        "userDefined": false
      },
      {
        "text": "傘",
        "meta": "@outfit",
        "alias": "outfit",
        "userDefined": true
      },
      {
        "text": "が必要になりますか",
        "userDefined": false
      }
    ],
    "isTemplate": false,
    "count": 0,
    "lang": "ja",
    "updated": 0
  },
  {
    "id": "65185782-79d3-4a11-adda-77e613cf783a",
    "data": [
      {
        "text": "来週の金曜日",
        "meta": "@sys.date-time",
        "alias": "date-time",
        "userDefined": false
      },
      {
        "text": "札幌",
        "meta": "@sys.location",
        "alias": "address",
        "userDefined": false
      },
      {
        "text": "で",
        "userDefined": false
      },
      {
        "text": "傘",
        "meta": "@outfit",
        "alias": "outfit",
        "userDefined": false
      },
      {
        "text": "は必要になる",
        "userDefined": false
      }
    ],
    "isTemplate": false,
    "count": 0,
    "lang": "ja",
    "updated": 0
  },
  {
    "id": "7e3565c2-38b5-4638-a0ea-030eab2c314a",
    "data": [
      {
        "text": "明日",
        "meta": "@sys.date-time",
        "alias": "date-time",
        "userDefined": true
      },
      {
        "text": "コート",
        "meta": "@outfit",
        "alias": "outfit",
        "userDefined": true
      },
      {
        "text": "は必要になりますか",
        "userDefined": false
      }
    ],
    "isTemplate": false,
    "count": 0,
    "lang": "ja",
    "updated": 0
  },
  {
    "id": "8032ad16-c653-44bf-9677-a954b14ce330",
    "data": [
      {
        "text": "傘",
        "meta": "@outfit",
        "alias": "outfit",
        "userDefined": true
      },
      {
        "text": "は必要になるの",
        "userDefined": false
      }
    ],
    "isTemplate": false,
    "count": 0,
    "lang": "ja",
    "updated": 0
  },
  {
    "id": "2e5126db-90e3-4e89-ba6b-8feb240fc2f3",
    "data": [
      {
        "text": "サングラス",
        "meta": "@outfit",
        "alias": "outfit",
        "userDefined": true
      },
      {
        "text": "は必要ですか",
        "userDefined": false
      }
    ],
    "isTemplate": false,
    "count": 0,
    "lang": "ja",
    "updated": 0
  },
  {
    "id": "4f9f95f1-65b0-47f1-bf1e-3404c1003846",
    "data": [
      {
        "text": "サングラス",
        "meta": "@outfit",
        "alias": "outfit",
        "userDefined": true
      },
      {
        "text": "をかけたほうがいい",
        "userDefined": false
      }
    ],
    "isTemplate": false,
    "count": 0,
    "lang": "ja",
    "updated": 0
  },
  {
    "id": "5c320afd-b907-413f-b95b-25e29daa7934",
    "data": [
      {
        "text": "旭川市",
        "meta": "@sys.location",
        "alias": "address",
        "userDefined": true
      },
      {
        "text": "で",
        "userDefined": false
      },
      {
        "text": "手袋",
        "meta": "@outfit",
        "alias": "outfit",
        "userDefined": true
      },
      {
        "text": "はしたほうがいいですか",
        "userDefined": false
      }
    ],
    "isTemplate": false,
    "count": 0,
    "lang": "ja",
    "updated": 0
  },
  {
    "id": "34ee8863-9e9d-4786-941f-31062146888f",
    "data": [
      {
        "text": "上着",
        "meta": "@outfit",
        "alias": "outfit",
        "userDefined": true
      },
      {
        "text": "があったほうがいいかなあ",
        "userDefined": false
      }
    ],
    "isTemplate": false,
    "count": 0,
    "lang": "ja",
    "updated": 0
  }
]